match_id,rank
NA1_5637538221,DIAMOND
NA1_5635580067,DIAMOND
NA1_5636536853,PLATINUM
NA1_5629707748,IRON
NA1_5638426308,GRANDMASTER
NA1_5637656264,PLATINUM
NA1_5638980613,MASTER
NA1_5637998846,SILVER
NA1_5635070206,CHALLENGER
NA1_5633972884,CHALLENGER
NA1_5634742654,IRON
NA1_5631112916,PLATINUM
NA1_5637303458,MASTER
NA1_5636767646,PLATINUM
NA1_5630379112,IRON
NA1_5635958839,MASTER
NA1_5638204794,IRON
NA1_5637539135,GRANDMASTER
NA1_5635629090,EMERALD
NA1_5636319082,IRON
NA1_5638053072,IRON
NA1_5638239396,PLATINUM
NA1_5636531840,EMERALD
NA1_5637814555,DIAMOND
NA1_5634918943,PLATINUM
NA1_5636076059,GRANDMASTER
NA1_5631415648,GOLD
NA1_5630768900,GRANDMASTER
NA1_5637176837,DIAMOND
NA1_5638747050,GRANDMASTER
NA1_5639186419,SILVER
NA1_5638482163,SILVER
NA1_5631876373,GOLD
NA1_5635046778,MASTER
NA1_5639158522,GOLD
NA1_5637344117,PLATINUM
NA1_5638547132,IRON
NA1_5637487645,DIAMOND
NA1_5632772592,PLATINUM
NA1_5635805372,MASTER
NA1_5632083708,SILVER
NA1_5632355817,GOLD
NA1_5638437678,BRONZE
NA1_5638994947,EMERALD
NA1_5636552018,BRONZE
NA1_5637837965,EMERALD
NA1_5637525200,IRON
NA1_5639137967,BRONZE
NA1_5638311051,PLATINUM
NA1_5638886857,PLATINUM
NA1_5632955723,PLATINUM
NA1_5634880513,IRON
NA1_5633839460,CHALLENGER
NA1_5637447183,PLATINUM
NA1_5630204259,EMERALD
NA1_5634526323,EMERALD
NA1_5635623146,MASTER
NA1_5633675221,PLATINUM
NA1_5634812044,BRONZE
NA1_5633368439,PLATINUM
NA1_5636777633,GRANDMASTER
NA1_5638805910,GOLD
NA1_5628736240,GRANDMASTER
NA1_5639188918,SILVER
NA1_5638565441,SILVER
NA1_5630358914,BRONZE
NA1_5637983986,SILVER
NA1_5637687597,SILVER
NA1_5636652787,DIAMOND
NA1_5632572147,CHALLENGER
NA1_5633401713,GOLD
NA1_5631791111,PLATINUM
NA1_5631929407,BRONZE
NA1_5638833521,GRANDMASTER
NA1_5630051889,MASTER
NA1_5638653556,MASTER
NA1_5637560884,GOLD
NA1_5637966017,SILVER
NA1_5637980940,BRONZE
NA1_5637622265,MASTER
NA1_5637870073,BRONZE
NA1_5637522086,GRANDMASTER
NA1_5638387155,GOLD
NA1_5636780239,PLATINUM
NA1_5638762331,GOLD
NA1_5637631773,MASTER
NA1_5634781573,EMERALD
NA1_5628721685,DIAMOND
NA1_5638267929,DIAMOND
NA1_5638651240,EMERALD
NA1_5634918682,IRON
NA1_5638394985,IRON
NA1_5638716177,IRON
NA1_5637523781,BRONZE
NA1_5633979979,GRANDMASTER
NA1_5639193638,BRONZE
NA1_5637501814,MASTER
NA1_5635821180,PLATINUM
NA1_5635381628,IRON
NA1_5632094321,IRON
NA1_5637971410,SILVER
NA1_5638823682,DIAMOND
NA1_5638981683,MASTER
NA1_5639241780,MASTER
NA1_5638538450,IRON
NA1_5639219009,EMERALD
NA1_5636599602,DIAMOND
NA1_5639203904,DIAMOND
NA1_5639029210,EMERALD
NA1_5631249178,BRONZE
NA1_5638896028,PLATINUM
NA1_5637443145,CHALLENGER
NA1_5639196029,GRANDMASTER
NA1_5639182934,GOLD
NA1_5634676702,DIAMOND
NA1_5635873977,EMERALD
NA1_5630448860,DIAMOND
NA1_5636812657,PLATINUM
NA1_5635180350,IRON
NA1_5639202819,GRANDMASTER
NA1_5633632990,EMERALD
NA1_5639116263,GOLD
NA1_5631155515,DIAMOND
NA1_5637460147,GOLD
NA1_5633794454,SILVER
NA1_5637901127,EMERALD
NA1_5639215885,GRANDMASTER
NA1_5637439195,MASTER
NA1_5633953153,GRANDMASTER
NA1_5631190430,BRONZE
NA1_5638855739,GRANDMASTER
NA1_5638093294,CHALLENGER
NA1_5638614374,DIAMOND
NA1_5629591027,PLATINUM
NA1_5636759324,DIAMOND
NA1_5638699716,PLATINUM
NA1_5638211170,EMERALD
NA1_5631093775,SILVER
NA1_5639057739,SILVER
NA1_5635305551,MASTER
NA1_5636035433,IRON
NA1_5637992160,SILVER
NA1_5628998148,EMERALD
NA1_5632794991,EMERALD
NA1_5637910870,IRON
NA1_5636459348,GOLD
NA1_5638692189,IRON
NA1_5638596965,DIAMOND
NA1_5633965210,SILVER
NA1_5638225871,GOLD
NA1_5633682045,DIAMOND
NA1_5639229810,SILVER
NA1_5639062128,BRONZE
NA1_5637610331,MASTER
NA1_5637927783,SILVER
NA1_5629084969,PLATINUM
NA1_5639169526,DIAMOND
NA1_5634037091,EMERALD
NA1_5638332880,EMERALD
NA1_5638650612,EMERALD
NA1_5637881867,SILVER
NA1_5629105620,CHALLENGER
NA1_5637000489,IRON
NA1_5638885032,BRONZE
NA1_5628791587,BRONZE
NA1_5638906192,GOLD
NA1_5636278900,PLATINUM
NA1_5633649411,GOLD
NA1_5636451505,EMERALD
NA1_5635607606,BRONZE
NA1_5632589546,SILVER
NA1_5637703559,SILVER
NA1_5637947080,PLATINUM
NA1_5634118553,BRONZE
NA1_5637944835,BRONZE
NA1_5634272101,PLATINUM
NA1_5637275123,GOLD
NA1_5638566062,SILVER
NA1_5638273820,GRANDMASTER
NA1_5635770106,SILVER
NA1_5638364826,GOLD
NA1_5633017039,GOLD
NA1_5636807902,SILVER
NA1_5638750553,EMERALD
NA1_5634436614,IRON
NA1_5637806280,DIAMOND
NA1_5637590103,GRANDMASTER
NA1_5637520224,GRANDMASTER
NA1_5631535070,PLATINUM
NA1_5631921841,BRONZE
NA1_5638995350,SILVER
NA1_5638969375,GOLD
NA1_5636875072,MASTER
NA1_5635890326,GRANDMASTER
NA1_5637092010,DIAMOND
NA1_5634935359,CHALLENGER
NA1_5638915117,BRONZE
NA1_5638987152,GRANDMASTER
NA1_5638393452,IRON
NA1_5632626302,EMERALD
NA1_5638129417,SILVER
NA1_5638835795,DIAMOND
NA1_5636224968,EMERALD
NA1_5638292519,GRANDMASTER
NA1_5634488665,DIAMOND
NA1_5637822037,CHALLENGER
NA1_5638256450,SILVER
NA1_5635148921,GRANDMASTER
NA1_5635297498,EMERALD
NA1_5628787167,EMERALD
NA1_5638871427,GRANDMASTER
NA1_5635413357,DIAMOND
NA1_5630335412,GOLD
NA1_5629186973,BRONZE
NA1_5634949795,GRANDMASTER
NA1_5637948131,MASTER
NA1_5638905649,DIAMOND
NA1_5637783624,GRANDMASTER
NA1_5637584115,GRANDMASTER
NA1_5639234360,BRONZE
NA1_5629889278,EMERALD
NA1_5637832727,DIAMOND
NA1_5631570676,IRON
NA1_5638362681,EMERALD
NA1_5639135939,DIAMOND
NA1_5633019527,SILVER
NA1_5638644088,EMERALD
NA1_5634192313,MASTER
NA1_5636858705,IRON
NA1_5635714856,DIAMOND
NA1_5636788948,GRANDMASTER
NA1_5637808626,MASTER
NA1_5639075728,GRANDMASTER
NA1_5636992954,IRON
NA1_5634960704,PLATINUM
NA1_5635683269,IRON
NA1_5637881676,IRON
NA1_5632796043,EMERALD
NA1_5638212713,EMERALD
NA1_5637082917,PLATINUM
NA1_5637932043,PLATINUM
NA1_5638277096,EMERALD
NA1_5638337621,PLATINUM
NA1_5629362640,GRANDMASTER
NA1_5638586309,GOLD
NA1_5633288443,EMERALD
NA1_5638194183,GRANDMASTER
NA1_5635091041,SILVER
NA1_5629256289,DIAMOND
NA1_5638670050,IRON
NA1_5638518042,DIAMOND
NA1_5632558331,SILVER
NA1_5636781953,MASTER
NA1_5635056842,CHALLENGER
NA1_5639149836,MASTER
NA1_5636042181,PLATINUM
NA1_5638919343,MASTER
NA1_5637852017,EMERALD
NA1_5638072110,MASTER
NA1_5635163985,GRANDMASTER
NA1_5637620439,BRONZE
NA1_5632884417,GRANDMASTER
NA1_5631056858,GOLD
NA1_5639090980,SILVER
NA1_5636777746,SILVER
NA1_5636435883,BRONZE
NA1_5634330589,PLATINUM
NA1_5638193703,PLATINUM
NA1_5636735698,BRONZE
NA1_5635498086,BRONZE
NA1_5631998692,GRANDMASTER
NA1_5638861185,GOLD
NA1_5629370961,SILVER
NA1_5637044287,SILVER
NA1_5637610311,DIAMOND
NA1_5632795008,PLATINUM
NA1_5639228016,DIAMOND
NA1_5637900208,DIAMOND
NA1_5631909260,GOLD
NA1_5635556536,DIAMOND
NA1_5630051023,EMERALD
NA1_5637653394,GRANDMASTER
NA1_5638186025,GOLD
NA1_5638979662,DIAMOND
NA1_5637491739,MASTER
NA1_5635378110,GRANDMASTER
NA1_5634170688,GRANDMASTER
NA1_5638303584,GOLD
NA1_5639051265,SILVER
NA1_5638363978,IRON
NA1_5638582597,GOLD
NA1_5638236930,IRON
NA1_5635341367,DIAMOND
NA1_5635323272,BRONZE
NA1_5628912251,DIAMOND
NA1_5638427349,GRANDMASTER
NA1_5630533475,GOLD
NA1_5639149705,GRANDMASTER
NA1_5638527843,DIAMOND
NA1_5636224243,SILVER
NA1_5638034542,IRON
NA1_5638547596,MASTER
NA1_5639105229,DIAMOND
NA1_5635704486,SILVER
NA1_5633093725,DIAMOND
NA1_5638442108,EMERALD
NA1_5637410736,GOLD
NA1_5635723124,EMERALD
NA1_5638648592,IRON
NA1_5638726946,GOLD
NA1_5633486131,IRON
NA1_5633811778,SILVER
NA1_5634223730,PLATINUM
NA1_5636314875,IRON
NA1_5634459389,IRON
NA1_5637847189,SILVER
NA1_5631245341,EMERALD
NA1_5637656043,SILVER
NA1_5629502427,GOLD
NA1_5635108619,PLATINUM
NA1_5638941868,GOLD
NA1_5639254900,EMERALD
NA1_5639150395,MASTER
NA1_5634069306,BRONZE
NA1_5635058980,GOLD
NA1_5633836590,IRON
NA1_5638442715,CHALLENGER
NA1_5637646006,SILVER
NA1_5637106861,EMERALD
NA1_5635468296,SILVER
NA1_5639098210,BRONZE
NA1_5637372090,GRANDMASTER
NA1_5631368948,MASTER
NA1_5636289690,GRANDMASTER
NA1_5638958215,EMERALD
NA1_5635854204,SILVER
NA1_5636743778,PLATINUM
NA1_5639098533,MASTER
NA1_5634140116,IRON
NA1_5638907807,GOLD
NA1_5632769632,GOLD
NA1_5636922787,DIAMOND
NA1_5635969127,EMERALD
NA1_5632752522,EMERALD
NA1_5637219468,BRONZE
NA1_5631236112,DIAMOND
NA1_5638120883,SILVER
NA1_5636725726,CHALLENGER
NA1_5639105324,PLATINUM
NA1_5633982470,GRANDMASTER
NA1_5631438624,MASTER
NA1_5637413496,GRANDMASTER
NA1_5635096841,IRON
NA1_5632895350,BRONZE
NA1_5637583363,MASTER
NA1_5637289201,GOLD
NA1_5629686912,SILVER
NA1_5634103395,CHALLENGER
NA1_5636082820,EMERALD
NA1_5637727080,IRON
NA1_5630140404,EMERALD
NA1_5629881290,EMERALD
NA1_5639120085,SILVER
NA1_5634900728,SILVER
NA1_5632442142,DIAMOND
NA1_5630976450,PLATINUM
NA1_5637447480,MASTER
NA1_5638567034,BRONZE
NA1_5638001459,EMERALD
NA1_5636744559,GOLD
NA1_5637694552,CHALLENGER
NA1_5637702110,PLATINUM
NA1_5636780853,DIAMOND
NA1_5638083484,PLATINUM
NA1_5635202833,CHALLENGER
NA1_5635556354,GOLD
NA1_5630010403,MASTER
NA1_5637210741,EMERALD
NA1_5634354950,DIAMOND
NA1_5638439020,DIAMOND
NA1_5638696002,GOLD
NA1_5637809424,MASTER
NA1_5634268054,IRON
NA1_5639200569,GOLD
NA1_5638870782,IRON
NA1_5634354030,GRANDMASTER
NA1_5636724290,GOLD
NA1_5637254481,SILVER
NA1_5638281105,IRON
NA1_5633593504,PLATINUM
NA1_5629955613,IRON
NA1_5629772001,IRON
NA1_5634926415,BRONZE
NA1_5639171261,BRONZE
NA1_5633771433,EMERALD
NA1_5637482939,BRONZE
NA1_5638829127,PLATINUM
NA1_5629825292,DIAMOND
NA1_5637364971,EMERALD
NA1_5636820728,GRANDMASTER
NA1_5634362850,DIAMOND
NA1_5635954831,MASTER
NA1_5638976750,PLATINUM
NA1_5638604733,BRONZE
NA1_5639120243,IRON
NA1_5632564328,IRON
NA1_5638703162,MASTER
NA1_5638792423,IRON
NA1_5638944682,GRANDMASTER
NA1_5635718434,SILVER
NA1_5634263624,CHALLENGER
NA1_5636694686,DIAMOND
NA1_5635528042,MASTER
NA1_5635909607,GRANDMASTER
NA1_5638568063,IRON
NA1_5639098776,GRANDMASTER
NA1_5638784307,MASTER
NA1_5633929642,CHALLENGER
NA1_5636406687,PLATINUM
NA1_5638978496,PLATINUM
NA1_5637325564,DIAMOND
NA1_5637762479,GOLD
NA1_5637395427,IRON
NA1_5638760674,BRONZE
NA1_5638929883,DIAMOND
NA1_5628888836,EMERALD
NA1_5637826942,CHALLENGER
NA1_5633944826,CHALLENGER
NA1_5629831526,IRON
NA1_5637427588,MASTER
NA1_5638183135,EMERALD
NA1_5629199732,EMERALD
NA1_5636949946,SILVER
NA1_5635731338,SILVER
NA1_5638557561,EMERALD
NA1_5635847120,PLATINUM
NA1_5638775900,BRONZE
NA1_5638801876,CHALLENGER
NA1_5637315647,SILVER
NA1_5636102251,EMERALD
NA1_5638724091,MASTER
NA1_5632617600,IRON
NA1_5638031888,PLATINUM
NA1_5638745633,CHALLENGER
NA1_5638634908,GOLD
NA1_5634568185,BRONZE
NA1_5638769138,MASTER
NA1_5634699155,BRONZE
NA1_5630482022,SILVER
NA1_5635667486,SILVER
NA1_5629087151,DIAMOND
NA1_5638389046,GOLD
NA1_5628856475,EMERALD
NA1_5634834992,BRONZE
NA1_5630625963,DIAMOND
NA1_5635409188,PLATINUM
NA1_5638735334,EMERALD
NA1_5635452702,SILVER
NA1_5637528837,IRON
NA1_5638516440,DIAMOND
NA1_5638118490,SILVER
NA1_5629201237,IRON
NA1_5634511992,PLATINUM
NA1_5636507223,PLATINUM
NA1_5638589965,MASTER
NA1_5639110724,PLATINUM
NA1_5635436268,DIAMOND
NA1_5631041717,EMERALD
NA1_5638585565,GRANDMASTER
NA1_5638702373,DIAMOND
NA1_5638420765,GRANDMASTER
NA1_5638358648,IRON
NA1_5632177634,BRONZE
NA1_5638811698,EMERALD
NA1_5637054305,BRONZE
NA1_5638170540,GRANDMASTER
NA1_5633640190,GRANDMASTER
NA1_5637842719,GRANDMASTER
NA1_5631397593,SILVER
NA1_5638558835,GRANDMASTER
NA1_5638621897,MASTER
NA1_5638643613,IRON
NA1_5639242400,EMERALD
NA1_5636696301,DIAMOND
NA1_5636139171,SILVER
NA1_5637118691,MASTER
NA1_5637641866,GRANDMASTER
NA1_5634941868,CHALLENGER
NA1_5635324054,EMERALD
NA1_5633523987,BRONZE
NA1_5639025415,GRANDMASTER
NA1_5637976339,MASTER
NA1_5636250701,IRON
NA1_5636219988,BRONZE
NA1_5634970850,CHALLENGER
NA1_5635606258,IRON
NA1_5639109818,DIAMOND
NA1_5637637224,PLATINUM
NA1_5636064721,IRON
NA1_5638950851,EMERALD
NA1_5638351137,EMERALD
NA1_5637957350,SILVER
NA1_5638878245,IRON
NA1_5636405796,GRANDMASTER
NA1_5638815785,SILVER
NA1_5638196604,MASTER
NA1_5637101483,GOLD
NA1_5635515343,CHALLENGER
NA1_5636412811,SILVER
NA1_5634801722,IRON
NA1_5635245332,BRONZE
NA1_5636829624,DIAMOND
NA1_5638555226,IRON
NA1_5638626850,BRONZE
NA1_5636423941,PLATINUM
NA1_5634974868,IRON
NA1_5637538793,CHALLENGER
NA1_5637186804,SILVER
NA1_5631608153,PLATINUM
NA1_5638883243,IRON
NA1_5631515710,DIAMOND
NA1_5636444497,MASTER
NA1_5637683963,CHALLENGER
NA1_5635606867,EMERALD
NA1_5635206930,EMERALD
NA1_5638829575,GRANDMASTER
NA1_5632480566,GOLD
NA1_5636416237,PLATINUM
NA1_5637017681,IRON
NA1_5637041622,IRON
NA1_5637313574,DIAMOND
NA1_5636533586,GRANDMASTER
NA1_5636391312,GOLD
NA1_5635112076,BRONZE
NA1_5638014001,SILVER
NA1_5631795418,PLATINUM
NA1_5638024341,MASTER
NA1_5635493913,DIAMOND
NA1_5637610128,SILVER
NA1_5638619292,BRONZE
NA1_5638114411,BRONZE
NA1_5638772764,IRON
NA1_5636904886,EMERALD
NA1_5629291114,DIAMOND
NA1_5630487968,GOLD
NA1_5638754058,PLATINUM
NA1_5638920843,CHALLENGER
NA1_5638478957,GOLD
NA1_5638497132,GOLD
NA1_5638611218,PLATINUM
NA1_5632539308,GOLD
NA1_5638568327,DIAMOND
NA1_5631552024,MASTER
NA1_5634190853,PLATINUM
NA1_5639070802,MASTER
NA1_5637813228,PLATINUM
NA1_5629385951,DIAMOND
NA1_5636355686,IRON
NA1_5637943964,PLATINUM
NA1_5634640575,IRON
NA1_5632784280,SILVER
NA1_5637305932,CHALLENGER
NA1_5635334447,MASTER
NA1_5636836906,PLATINUM
NA1_5638647263,MASTER
NA1_5634164919,PLATINUM
NA1_5636061527,GOLD
NA1_5633312919,GOLD
NA1_5637382495,SILVER
NA1_5635531572,PLATINUM
NA1_5635852146,PLATINUM
NA1_5632289338,IRON
NA1_5635846207,EMERALD
NA1_5639229563,PLATINUM
NA1_5636752790,GRANDMASTER
NA1_5637349446,DIAMOND
NA1_5638641424,EMERALD
NA1_5639107191,GOLD
NA1_5637474573,MASTER
NA1_5634080646,PLATINUM
NA1_5636260405,PLATINUM
NA1_5637425571,PLATINUM
NA1_5636428569,DIAMOND
NA1_5638831536,GOLD
NA1_5631766857,GOLD
NA1_5638385848,EMERALD
NA1_5638033276,SILVER
NA1_5632891385,IRON
NA1_5637219632,EMERALD
NA1_5630686397,DIAMOND
NA1_5638758143,GRANDMASTER
NA1_5639066163,CHALLENGER
NA1_5638451736,GOLD
NA1_5638949857,GRANDMASTER
NA1_5637596569,GRANDMASTER
NA1_5633722729,CHALLENGER
NA1_5634526354,DIAMOND
NA1_5637545647,MASTER
NA1_5639172331,BRONZE
NA1_5635782205,GRANDMASTER
NA1_5636754229,PLATINUM
NA1_5637767440,CHALLENGER
NA1_5638432041,BRONZE
NA1_5638270002,EMERALD
NA1_5639109596,GRANDMASTER
NA1_5638230613,PLATINUM
NA1_5634976817,SILVER
NA1_5632722990,PLATINUM
NA1_5634130043,PLATINUM
NA1_5636361999,EMERALD
NA1_5635653907,IRON
NA1_5637876144,BRONZE
NA1_5638344104,CHALLENGER
NA1_5637325618,EMERALD
NA1_5630793836,SILVER
NA1_5628917454,IRON
NA1_5636117573,SILVER
NA1_5636773701,EMERALD
NA1_5636065139,MASTER
NA1_5638573940,MASTER
NA1_5634520887,PLATINUM
NA1_5638288778,MASTER
NA1_5630936741,SILVER
NA1_5636819494,PLATINUM
NA1_5638595611,BRONZE
NA1_5632973559,IRON
NA1_5629125999,BRONZE
NA1_5632645148,EMERALD
NA1_5630780153,IRON
NA1_5630226270,DIAMOND
NA1_5638325601,CHALLENGER
NA1_5634582010,PLATINUM
NA1_5635315108,BRONZE
NA1_5638071875,GRANDMASTER
NA1_5637730700,GOLD
NA1_5631951932,BRONZE
NA1_5638071687,EMERALD
NA1_5636746293,EMERALD
NA1_5637615334,PLATINUM
NA1_5638313567,GRANDMASTER
NA1_5634837613,PLATINUM
NA1_5635327354,BRONZE
NA1_5631237686,MASTER
NA1_5638579180,IRON
NA1_5635786553,GOLD
NA1_5637688734,IRON
NA1_5630536422,BRONZE
NA1_5638253364,BRONZE
NA1_5639085604,MASTER
NA1_5636889499,SILVER
NA1_5635453310,PLATINUM
NA1_5638772481,GRANDMASTER
NA1_5636998838,EMERALD
NA1_5636911622,DIAMOND
NA1_5636925407,PLATINUM
NA1_5639230715,GRANDMASTER
NA1_5639043871,BRONZE
NA1_5638433784,IRON
NA1_5638702402,IRON
NA1_5629915134,MASTER
NA1_5639046636,IRON
NA1_5636780495,DIAMOND
NA1_5637773343,DIAMOND
NA1_5629930538,EMERALD
NA1_5628834868,EMERALD
NA1_5637753805,CHALLENGER
NA1_5638090905,EMERALD
NA1_5637945065,DIAMOND
NA1_5639224328,MASTER
NA1_5630183632,MASTER
NA1_5629919470,DIAMOND
NA1_5639138921,GOLD
NA1_5639230692,MASTER
NA1_5636485346,SILVER
NA1_5631277802,PLATINUM
NA1_5637391580,SILVER
NA1_5634515475,EMERALD
NA1_5636644228,CHALLENGER
NA1_5637882088,PLATINUM
NA1_5636506129,IRON
NA1_5639168090,MASTER
NA1_5639201549,GOLD
NA1_5638954269,GRANDMASTER
NA1_5639048353,GRANDMASTER
NA1_5637373564,EMERALD
NA1_5638437060,IRON
NA1_5635227798,IRON
NA1_5636903268,GRANDMASTER
NA1_5636259151,GOLD
NA1_5637137589,GRANDMASTER
NA1_5639145680,DIAMOND
NA1_5635300101,GOLD
NA1_5638307064,MASTER
NA1_5635590388,GRANDMASTER
NA1_5638165636,SILVER
NA1_5639180185,EMERALD
NA1_5639129134,SILVER
NA1_5635141331,IRON
NA1_5632203800,DIAMOND
NA1_5639152408,SILVER
NA1_5637525628,DIAMOND
NA1_5635737201,GRANDMASTER
NA1_5636394665,EMERALD
NA1_5638586220,DIAMOND
NA1_5638104157,CHALLENGER
NA1_5637655908,MASTER
NA1_5638950676,GOLD
NA1_5639083971,GOLD
NA1_5638179999,IRON
NA1_5636061605,EMERALD
NA1_5638902140,PLATINUM
NA1_5633423290,CHALLENGER
NA1_5638593832,EMERALD
NA1_5638426041,EMERALD
NA1_5637280551,EMERALD
NA1_5633849396,GRANDMASTER
NA1_5638017995,PLATINUM
NA1_5638927513,SILVER
NA1_5638207348,IRON
NA1_5639186665,DIAMOND
NA1_5638972583,SILVER
NA1_5630797722,SILVER
NA1_5636138201,CHALLENGER
NA1_5638860823,PLATINUM
NA1_5638019992,MASTER
NA1_5629214840,BRONZE
NA1_5637604158,BRONZE
NA1_5635578013,CHALLENGER
NA1_5638611711,GRANDMASTER
NA1_5637219757,BRONZE
NA1_5638370593,EMERALD
NA1_5637025616,MASTER
NA1_5638590674,IRON
NA1_5639078820,GRANDMASTER
NA1_5635226429,GOLD
NA1_5636784063,IRON
NA1_5635408893,SILVER
NA1_5637400675,IRON
NA1_5637422226,MASTER
NA1_5639048711,DIAMOND
NA1_5632358517,GOLD
NA1_5637571490,EMERALD
NA1_5635286849,EMERALD
NA1_5635242890,PLATINUM
NA1_5632136369,IRON
NA1_5637552446,IRON
NA1_5637825657,PLATINUM
NA1_5638676924,IRON
NA1_5638191089,GRANDMASTER
NA1_5635060679,GOLD
NA1_5634304078,GOLD
NA1_5631291780,DIAMOND
NA1_5639193520,EMERALD
NA1_5636852152,IRON
NA1_5637561330,BRONZE
NA1_5638209884,GOLD
NA1_5639129204,EMERALD
NA1_5635403431,IRON
NA1_5635426649,BRONZE
NA1_5631253067,BRONZE
NA1_5635568374,GOLD
NA1_5637860125,GOLD
NA1_5634357016,PLATINUM
NA1_5635060753,GOLD
NA1_5637963134,CHALLENGER
NA1_5635199950,BRONZE
NA1_5638389749,CHALLENGER
NA1_5639257955,DIAMOND
NA1_5635450760,BRONZE
NA1_5638692676,GRANDMASTER
NA1_5635708361,GRANDMASTER
NA1_5634693999,BRONZE
NA1_5639202386,MASTER
NA1_5635813279,PLATINUM
NA1_5637664659,PLATINUM
NA1_5638965838,GOLD
NA1_5637709485,PLATINUM
NA1_5636909984,PLATINUM
NA1_5638886056,BRONZE
NA1_5636981311,DIAMOND
NA1_5635484609,EMERALD
NA1_5634532120,GRANDMASTER
NA1_5637115478,IRON
NA1_5636610568,EMERALD
NA1_5637999156,DIAMOND
NA1_5638547568,MASTER
NA1_5636202364,DIAMOND
NA1_5637323563,MASTER
NA1_5637049557,MASTER
NA1_5633816344,CHALLENGER
NA1_5637932946,MASTER
NA1_5638950160,DIAMOND
NA1_5638583291,GOLD
NA1_5636782226,EMERALD
NA1_5636306345,PLATINUM
NA1_5637000885,GOLD
NA1_5638492140,IRON
NA1_5629960801,SILVER
NA1_5634003062,BRONZE
NA1_5631075761,GOLD
NA1_5638745224,SILVER
NA1_5631731640,BRONZE
NA1_5633152525,IRON
NA1_5638867240,SILVER
NA1_5638107792,GRANDMASTER
NA1_5637570382,PLATINUM
NA1_5636977400,BRONZE
NA1_5639132277,GRANDMASTER
NA1_5638689347,SILVER
NA1_5637989342,BRONZE
NA1_5636025782,EMERALD
NA1_5638668845,MASTER
NA1_5634677897,IRON
NA1_5638381434,PLATINUM
NA1_5635563550,MASTER
NA1_5639096086,PLATINUM
NA1_5631362509,BRONZE
NA1_5631829574,SILVER
NA1_5630067622,BRONZE
NA1_5637719296,BRONZE
NA1_5631449986,GOLD
NA1_5638290448,EMERALD
NA1_5632161810,PLATINUM
NA1_5631095354,PLATINUM
NA1_5632820040,GOLD
NA1_5636339202,CHALLENGER
NA1_5638437024,GRANDMASTER
NA1_5637598086,DIAMOND
NA1_5634788856,EMERALD
NA1_5638264810,GOLD
NA1_5639242671,MASTER
NA1_5639146188,GRANDMASTER
NA1_5634164927,EMERALD
NA1_5639176208,GRANDMASTER
NA1_5638834809,EMERALD
NA1_5633938586,SILVER
NA1_5633021359,EMERALD
NA1_5636876631,MASTER
NA1_5635927772,SILVER
NA1_5636964638,CHALLENGER
NA1_5636581837,IRON
NA1_5635803549,CHALLENGER
NA1_5638687444,MASTER
NA1_5632948199,PLATINUM
NA1_5637015974,PLATINUM
NA1_5632945873,GRANDMASTER
NA1_5636659068,DIAMOND
NA1_5639056280,DIAMOND
NA1_5637619768,BRONZE
NA1_5635778501,IRON
NA1_5638001440,EMERALD
NA1_5638297400,DIAMOND
NA1_5634218555,BRONZE
NA1_5638739856,IRON
NA1_5639036221,GRANDMASTER
NA1_5635070972,IRON
NA1_5630088442,DIAMOND
NA1_5636686865,SILVER
NA1_5639226737,GRANDMASTER
NA1_5638742810,PLATINUM
NA1_5638730130,EMERALD
NA1_5637698577,MASTER
NA1_5638413958,CHALLENGER
NA1_5638184061,PLATINUM
NA1_5638799532,EMERALD
NA1_5639257004,GOLD
NA1_5632049546,BRONZE
NA1_5637649929,EMERALD
NA1_5635611962,MASTER
NA1_5638689723,DIAMOND
NA1_5637751685,EMERALD
NA1_5637479002,IRON
NA1_5638572413,BRONZE
NA1_5638783826,GRANDMASTER
NA1_5628998310,PLATINUM
NA1_5638121270,SILVER
NA1_5635796829,DIAMOND
NA1_5638576341,PLATINUM
NA1_5639119445,PLATINUM
NA1_5637696888,DIAMOND
NA1_5635992769,GOLD
NA1_5635718667,DIAMOND
NA1_5637442454,IRON
NA1_5635701881,EMERALD
NA1_5638882087,MASTER
NA1_5636148659,IRON
NA1_5637191151,GRANDMASTER
NA1_5636262932,DIAMOND
NA1_5629180286,EMERALD
NA1_5638495858,DIAMOND
NA1_5635305354,SILVER
NA1_5636269045,SILVER
NA1_5636288369,GOLD
NA1_5636297667,PLATINUM
NA1_5634344637,DIAMOND
NA1_5638805384,GOLD
NA1_5638951881,IRON
NA1_5633828429,DIAMOND
NA1_5632543302,MASTER
NA1_5632981943,SILVER
NA1_5635596565,GOLD
NA1_5637499813,EMERALD
NA1_5638725826,IRON
NA1_5638305125,CHALLENGER
NA1_5637594540,IRON
NA1_5637644605,GRANDMASTER
NA1_5638848756,BRONZE
NA1_5637789614,BRONZE
NA1_5639148738,GOLD
NA1_5633708217,MASTER
NA1_5639043788,IRON
NA1_5638923669,GRANDMASTER
NA1_5636670349,DIAMOND
NA1_5637390931,IRON
NA1_5631117130,IRON
NA1_5638842289,CHALLENGER
NA1_5628792813,DIAMOND
NA1_5638971668,IRON
NA1_5636231728,PLATINUM
NA1_5638207053,PLATINUM
NA1_5636614730,CHALLENGER
NA1_5638029213,MASTER
NA1_5628770650,GRANDMASTER
NA1_5635868066,PLATINUM
NA1_5635116856,EMERALD
NA1_5635274010,PLATINUM
NA1_5637341729,DIAMOND
NA1_5639118479,GRANDMASTER
NA1_5637395533,CHALLENGER
NA1_5630317934,EMERALD
NA1_5639068983,GRANDMASTER
NA1_5632609691,IRON
NA1_5636197527,SILVER
NA1_5637137424,BRONZE
NA1_5631063458,EMERALD
NA1_5631082103,IRON
NA1_5639094346,EMERALD
NA1_5638821192,EMERALD
NA1_5638497951,BRONZE
NA1_5635272496,GRANDMASTER
NA1_5639131882,GOLD
NA1_5639143339,IRON
NA1_5637032240,IRON
NA1_5639210258,SILVER
NA1_5638055679,SILVER
NA1_5638454445,GOLD
NA1_5634834975,MASTER
NA1_5637456469,PLATINUM
NA1_5638803335,GRANDMASTER
NA1_5638818075,BRONZE
NA1_5636095665,SILVER
NA1_5630686932,GOLD
NA1_5639087811,EMERALD
NA1_5631698106,BRONZE
NA1_5631744119,SILVER
NA1_5628841403,EMERALD
NA1_5635525609,IRON
NA1_5636729910,PLATINUM
NA1_5639026889,EMERALD
NA1_5633578570,BRONZE
NA1_5635679189,GRANDMASTER
NA1_5633384300,PLATINUM
NA1_5635231538,DIAMOND
NA1_5636889402,BRONZE
NA1_5635706583,PLATINUM
NA1_5638364065,GOLD
NA1_5637619077,BRONZE
NA1_5636820739,SILVER
NA1_5633948749,GRANDMASTER
NA1_5637949344,IRON
NA1_5639204610,GRANDMASTER
NA1_5632172289,IRON
NA1_5635904334,PLATINUM
NA1_5635887335,GOLD
NA1_5637108321,EMERALD
NA1_5638877261,DIAMOND
NA1_5637429622,EMERALD
NA1_5629871085,GOLD
NA1_5637783421,MASTER
NA1_5638216396,MASTER
NA1_5637220952,PLATINUM
NA1_5638543459,CHALLENGER
NA1_5638791370,DIAMOND
NA1_5632253600,DIAMOND
NA1_5636896081,IRON
NA1_5636985055,EMERALD
NA1_5638640379,GOLD
NA1_5637905929,GRANDMASTER
NA1_5638431532,PLATINUM
NA1_5630161499,SILVER
NA1_5634140994,CHALLENGER
NA1_5632307491,BRONZE
NA1_5636051203,SILVER
NA1_5635511934,IRON
NA1_5635098348,EMERALD
NA1_5638587194,CHALLENGER
NA1_5637570565,MASTER
NA1_5638395188,DIAMOND
NA1_5637212805,MASTER
NA1_5639149755,BRONZE
NA1_5635793153,BRONZE
NA1_5633162418,MASTER
NA1_5636696560,GOLD
NA1_5631944115,DIAMOND
NA1_5636050715,MASTER
NA1_5635559623,GOLD
NA1_5633842667,SILVER
NA1_5637671942,MASTER
NA1_5635608981,PLATINUM
NA1_5631183938,BRONZE
NA1_5634619622,EMERALD
NA1_5637578482,GRANDMASTER
NA1_5629577457,SILVER
NA1_5636951389,DIAMOND
NA1_5636479467,IRON
NA1_5638383513,DIAMOND
NA1_5635865292,PLATINUM
NA1_5639098278,GRANDMASTER
NA1_5637078184,IRON
NA1_5635276020,EMERALD
NA1_5636224887,IRON
NA1_5638689213,BRONZE
NA1_5638940374,EMERALD
NA1_5639224838,SILVER
NA1_5637583176,GOLD
NA1_5634587816,GRANDMASTER
NA1_5635882178,DIAMOND
NA1_5637359815,MASTER
NA1_5630670158,DIAMOND
NA1_5637864369,DIAMOND
NA1_5638595209,IRON
NA1_5632867041,IRON
NA1_5638069467,BRONZE
NA1_5635825190,DIAMOND
NA1_5631779425,IRON
NA1_5638208021,MASTER
NA1_5638870261,PLATINUM
NA1_5635793944,IRON
NA1_5637974443,SILVER
NA1_5636572362,GRANDMASTER
NA1_5638997232,MASTER
NA1_5638391254,IRON
NA1_5637891121,DIAMOND
NA1_5637943777,CHALLENGER
NA1_5635635290,IRON
NA1_5638448354,IRON
NA1_5637910317,GRANDMASTER
NA1_5638665233,DIAMOND
NA1_5638244407,GOLD
NA1_5631506204,DIAMOND
NA1_5629620019,EMERALD
NA1_5638067446,PLATINUM
NA1_5637380881,CHALLENGER
NA1_5637976091,GOLD
NA1_5638701305,BRONZE
NA1_5635573315,BRONZE
NA1_5638295834,PLATINUM
NA1_5638449374,IRON
NA1_5638868790,SILVER
NA1_5639135158,GRANDMASTER
NA1_5639150121,SILVER
NA1_5635027318,DIAMOND
NA1_5629610631,EMERALD
NA1_5631533374,GRANDMASTER
NA1_5638849380,CHALLENGER
NA1_5639147145,GOLD
NA1_5633408725,SILVER
NA1_5638945662,MASTER
NA1_5634068553,IRON
NA1_5639039472,CHALLENGER
NA1_5638056474,MASTER
NA1_5637916373,GRANDMASTER
NA1_5638982993,GOLD
NA1_5638841922,BRONZE
NA1_5631891923,EMERALD
NA1_5632318961,SILVER
NA1_5638901712,BRONZE
NA1_5637674820,DIAMOND
NA1_5635325149,CHALLENGER
NA1_5636844025,IRON
NA1_5633912955,SILVER
NA1_5636098647,DIAMOND
NA1_5639107600,BRONZE
NA1_5632638634,PLATINUM
NA1_5636638621,MASTER
NA1_5639139103,DIAMOND
NA1_5637368336,GRANDMASTER
NA1_5638373944,CHALLENGER
NA1_5635171109,BRONZE
NA1_5638025372,DIAMOND
NA1_5638805857,MASTER
NA1_5638539784,MASTER
NA1_5632218599,DIAMOND
NA1_5630076022,DIAMOND
NA1_5637416948,SILVER
NA1_5637089743,DIAMOND
NA1_5637631969,IRON
NA1_5632747382,DIAMOND
NA1_5632862285,EMERALD
NA1_5638375479,GRANDMASTER
NA1_5636215258,BRONZE
NA1_5630374184,PLATINUM
NA1_5637452474,GOLD
NA1_5628940509,PLATINUM
NA1_5638853764,GRANDMASTER
NA1_5638581526,BRONZE
NA1_5632283302,DIAMOND
NA1_5635066981,DIAMOND
NA1_5635035581,DIAMOND
NA1_5631804141,EMERALD
NA1_5632445532,IRON
NA1_5629347844,SILVER
NA1_5638880152,GOLD
NA1_5637524683,IRON
NA1_5629546709,PLATINUM
NA1_5635300590,GRANDMASTER
NA1_5638615738,GOLD
NA1_5632749221,SILVER
NA1_5629483655,BRONZE
NA1_5629672272,PLATINUM
NA1_5635234862,SILVER
NA1_5634958435,MASTER
NA1_5630663768,GOLD
NA1_5637980386,SILVER
NA1_5637302882,MASTER
NA1_5637368868,DIAMOND
NA1_5638356288,DIAMOND
NA1_5638886245,DIAMOND
NA1_5638086989,IRON
NA1_5638757474,MASTER
NA1_5629487438,CHALLENGER
NA1_5638164471,DIAMOND
NA1_5634668119,PLATINUM
NA1_5634979442,IRON
NA1_5635933448,SILVER
NA1_5634619764,SILVER
NA1_5629756680,GOLD
NA1_5638660720,DIAMOND
NA1_5638857683,EMERALD
NA1_5638208750,DIAMOND
NA1_5639033549,MASTER
NA1_5638194617,IRON
NA1_5637787903,SILVER
NA1_5632296008,PLATINUM
NA1_5632554320,DIAMOND
NA1_5636594926,MASTER
NA1_5638217904,IRON
NA1_5638489452,GRANDMASTER
NA1_5630212412,BRONZE
NA1_5631226848,BRONZE
NA1_5631401144,PLATINUM
NA1_5638562136,MASTER
NA1_5630780577,GRANDMASTER
NA1_5637419453,CHALLENGER
NA1_5637659437,CHALLENGER
NA1_5638799272,GRANDMASTER
NA1_5633857949,CHALLENGER
NA1_5635665763,MASTER
NA1_5638837900,SILVER
NA1_5636385518,PLATINUM
NA1_5639085176,EMERALD
NA1_5637965880,IRON
NA1_5635861757,PLATINUM
NA1_5639128264,PLATINUM
NA1_5638701604,IRON
NA1_5636418471,IRON
NA1_5633233525,PLATINUM
NA1_5635886358,GOLD
NA1_5632151883,IRON
NA1_5636015880,PLATINUM
NA1_5634427245,MASTER
NA1_5635129136,PLATINUM
NA1_5635597458,DIAMOND
NA1_5637344236,MASTER
NA1_5633747829,CHALLENGER
NA1_5638007973,SILVER
NA1_5630786444,SILVER
NA1_5638938205,CHALLENGER
NA1_5634557424,GRANDMASTER
NA1_5637745706,EMERALD
NA1_5638938002,PLATINUM
NA1_5638468821,BRONZE
NA1_5637308403,MASTER
NA1_5638514525,BRONZE
NA1_5638603160,SILVER
NA1_5638410008,GOLD
NA1_5635874807,MASTER
NA1_5636331194,IRON
NA1_5639024478,GRANDMASTER
NA1_5639129039,BRONZE
NA1_5635904620,EMERALD
NA1_5634597524,CHALLENGER
NA1_5635484166,PLATINUM
NA1_5635572801,GRANDMASTER
NA1_5639210222,PLATINUM
NA1_5638757983,SILVER
NA1_5632991393,IRON
NA1_5637747860,IRON
NA1_5636151334,EMERALD
NA1_5638560444,CHALLENGER
NA1_5630132945,DIAMOND
NA1_5638795454,DIAMOND
NA1_5637461062,MASTER
NA1_5638359972,BRONZE
NA1_5639191061,DIAMOND
NA1_5639072819,GOLD
NA1_5639001539,EMERALD
NA1_5638514794,IRON
NA1_5639057304,PLATINUM
NA1_5639088750,EMERALD
NA1_5635990342,PLATINUM
NA1_5631876371,IRON
NA1_5635080846,MASTER
NA1_5633146523,DIAMOND
NA1_5639204142,PLATINUM
NA1_5631273950,SILVER
NA1_5632106552,BRONZE
NA1_5633960685,SILVER
NA1_5638795213,MASTER
NA1_5631160267,DIAMOND
NA1_5632518640,GOLD
NA1_5635841457,IRON
NA1_5635989720,CHALLENGER
NA1_5634214394,IRON
NA1_5636240000,EMERALD
NA1_5638973695,EMERALD
NA1_5637593981,BRONZE
NA1_5636988407,EMERALD
NA1_5630286311,IRON
NA1_5639226362,MASTER
NA1_5632773605,GRANDMASTER
NA1_5638983803,IRON
NA1_5639213031,MASTER
NA1_5630564728,DIAMOND
NA1_5637893564,CHALLENGER
NA1_5633306575,MASTER
NA1_5636682547,GOLD
NA1_5637825792,BRONZE
NA1_5639010754,MASTER
NA1_5638694203,GOLD
NA1_5636758452,EMERALD
NA1_5636890301,BRONZE
NA1_5635983621,BRONZE
NA1_5635295150,GRANDMASTER
NA1_5638876140,SILVER
NA1_5635425712,SILVER
NA1_5637282244,GRANDMASTER
NA1_5639180176,PLATINUM
NA1_5638223423,SILVER
NA1_5634388021,GOLD
NA1_5636396066,PLATINUM
NA1_5637013213,SILVER
NA1_5638858306,GOLD
NA1_5629922410,EMERALD
NA1_5629432657,GRANDMASTER
NA1_5637672531,PLATINUM
NA1_5636867345,SILVER
NA1_5636792745,DIAMOND
NA1_5634525781,PLATINUM
NA1_5634054303,EMERALD
NA1_5637307974,MASTER
NA1_5635356012,BRONZE
NA1_5633225344,BRONZE
NA1_5638607257,EMERALD
NA1_5629730643,MASTER
NA1_5639066287,GOLD
NA1_5629472185,EMERALD
NA1_5637683131,EMERALD
NA1_5632996004,IRON
NA1_5636676133,DIAMOND
NA1_5637323278,DIAMOND
NA1_5632472733,EMERALD
NA1_5638184265,DIAMOND
NA1_5638265694,GRANDMASTER
NA1_5639244274,MASTER
NA1_5638223986,MASTER
NA1_5634127783,MASTER
NA1_5638875525,IRON
NA1_5629821848,DIAMOND
NA1_5638712826,SILVER
NA1_5635119459,DIAMOND
NA1_5630963270,GOLD
NA1_5638249305,GRANDMASTER
NA1_5637141533,MASTER
NA1_5639136377,GRANDMASTER
NA1_5638742567,IRON
NA1_5632625607,BRONZE
NA1_5637667551,BRONZE
NA1_5634576591,EMERALD
NA1_5635119880,GRANDMASTER
NA1_5637777943,PLATINUM
NA1_5638396943,IRON
NA1_5633004747,SILVER
NA1_5637379009,MASTER
NA1_5636128050,GRANDMASTER
NA1_5637271365,EMERALD
NA1_5637913427,IRON
NA1_5634788797,GRANDMASTER
NA1_5637627311,MASTER
NA1_5629845346,PLATINUM
NA1_5639012718,EMERALD
NA1_5637557108,BRONZE
NA1_5638675520,SILVER
NA1_5639156388,GRANDMASTER
NA1_5634238257,CHALLENGER
NA1_5631546091,SILVER
NA1_5631390361,PLATINUM
NA1_5637160074,GRANDMASTER
NA1_5634811722,EMERALD
NA1_5631056097,BRONZE
NA1_5637378716,GRANDMASTER
NA1_5636167948,PLATINUM
NA1_5638357830,DIAMOND
NA1_5638497390,EMERALD
NA1_5639002611,BRONZE
NA1_5639021164,PLATINUM
NA1_5638731419,MASTER
NA1_5637373383,MASTER
NA1_5638578169,EMERALD
NA1_5635859006,EMERALD
NA1_5638319642,MASTER
NA1_5638727798,IRON
NA1_5635879180,CHALLENGER
NA1_5628874061,EMERALD
NA1_5638609916,CHALLENGER
NA1_5638855214,GOLD
NA1_5637649758,MASTER
NA1_5637746625,GRANDMASTER
NA1_5637591702,PLATINUM
NA1_5636993203,SILVER
NA1_5635107206,EMERALD
NA1_5630489292,PLATINUM
NA1_5637445110,GOLD
NA1_5635826429,BRONZE
NA1_5638979243,SILVER
NA1_5637601141,MASTER
NA1_5635032925,SILVER
NA1_5638897328,GOLD
NA1_5632678894,PLATINUM
NA1_5635604447,SILVER
NA1_5638069195,MASTER
NA1_5631591993,SILVER
NA1_5636276164,IRON
NA1_5638939219,MASTER
NA1_5636130242,DIAMOND
NA1_5637204026,IRON
NA1_5633758238,BRONZE
NA1_5639227853,DIAMOND
NA1_5639006917,EMERALD
NA1_5638400923,EMERALD
NA1_5639064970,SILVER
NA1_5638267002,GOLD
NA1_5639002720,GOLD
NA1_5638820443,DIAMOND
NA1_5635071849,CHALLENGER
NA1_5634024296,MASTER
NA1_5638791195,PLATINUM
NA1_5634077758,CHALLENGER
NA1_5639070208,DIAMOND
NA1_5639090948,PLATINUM
NA1_5633228495,SILVER
NA1_5638970663,MASTER
NA1_5638812582,GOLD
NA1_5629898400,GOLD
NA1_5635268868,IRON
NA1_5631811981,PLATINUM
NA1_5637090344,MASTER
NA1_5637990519,MASTER
NA1_5636425778,CHALLENGER
NA1_5639227397,GOLD
NA1_5633207439,BRONZE
NA1_5638785327,BRONZE
NA1_5637542613,BRONZE
NA1_5629889701,SILVER
NA1_5636979231,BRONZE
NA1_5638785698,SILVER
NA1_5639052830,GOLD
NA1_5639086316,GOLD
NA1_5637425608,BRONZE
NA1_5637698671,GRANDMASTER
NA1_5630245464,PLATINUM
NA1_5639085849,BRONZE
NA1_5638713213,MASTER
NA1_5638095971,GOLD
NA1_5638961491,GRANDMASTER
NA1_5637458070,GRANDMASTER
NA1_5638971316,BRONZE
NA1_5628981647,MASTER
NA1_5630084541,SILVER
NA1_5637631661,IRON
NA1_5631396623,GOLD
NA1_5637280147,MASTER
NA1_5636995171,PLATINUM
NA1_5631587638,IRON
NA1_5629436524,BRONZE
NA1_5637400241,DIAMOND
NA1_5630990887,DIAMOND
NA1_5630917330,GRANDMASTER
NA1_5634647907,EMERALD
NA1_5629328042,SILVER
NA1_5638538195,MASTER
NA1_5631329937,DIAMOND
NA1_5638623069,DIAMOND
NA1_5638552932,DIAMOND
NA1_5639048639,BRONZE
NA1_5631244219,GOLD
NA1_5638742425,DIAMOND
NA1_5633596463,SILVER
NA1_5635899122,PLATINUM
NA1_5638289850,MASTER
NA1_5631496634,MASTER
NA1_5636380449,SILVER
NA1_5638761240,DIAMOND
NA1_5639024433,BRONZE
NA1_5639194310,EMERALD
NA1_5629315523,SILVER
NA1_5638693133,GOLD
NA1_5629954291,EMERALD
NA1_5636120079,MASTER
NA1_5636577213,MASTER
NA1_5635186711,BRONZE
NA1_5638293131,BRONZE
NA1_5631740727,SILVER
NA1_5632962852,EMERALD
NA1_5638719004,BRONZE
NA1_5637336304,MASTER
NA1_5639135222,EMERALD
NA1_5638812180,DIAMOND
NA1_5636858872,CHALLENGER
NA1_5638740442,BRONZE
NA1_5639147821,EMERALD
NA1_5638764775,PLATINUM
NA1_5638219495,GRANDMASTER
NA1_5636522277,PLATINUM
NA1_5637155890,DIAMOND
NA1_5638674465,BRONZE
NA1_5637780362,PLATINUM
NA1_5637014704,DIAMOND
NA1_5637644941,CHALLENGER
NA1_5632047817,GRANDMASTER
NA1_5630465252,MASTER
NA1_5636992586,DIAMOND
NA1_5639030948,BRONZE
NA1_5638478767,BRONZE
NA1_5639156522,PLATINUM
NA1_5636028272,CHALLENGER
NA1_5638274342,CHALLENGER
NA1_5639224425,MASTER
NA1_5639046919,EMERALD
NA1_5633454482,PLATINUM
NA1_5638008674,PLATINUM
NA1_5636124961,SILVER
NA1_5634858210,CHALLENGER
NA1_5638983919,MASTER
NA1_5632725021,GOLD
NA1_5636690558,GRANDMASTER
NA1_5638684719,GRANDMASTER
NA1_5639004436,MASTER
NA1_5637909165,GOLD
NA1_5629026044,PLATINUM
NA1_5636803906,EMERALD
NA1_5639147556,BRONZE
NA1_5637201322,PLATINUM
NA1_5639047952,MASTER
NA1_5637855259,GRANDMASTER
NA1_5639021683,BRONZE
NA1_5635909009,MASTER
NA1_5637705261,BRONZE
NA1_5637345327,GOLD
NA1_5637332908,CHALLENGER
NA1_5638308420,BRONZE
NA1_5639116331,GRANDMASTER
NA1_5631093475,SILVER
NA1_5631290599,CHALLENGER
NA1_5638065009,IRON
NA1_5633596383,GRANDMASTER
NA1_5634002101,GOLD
NA1_5635463570,IRON
NA1_5629674326,GRANDMASTER
NA1_5638092196,BRONZE
NA1_5637801323,IRON
NA1_5635067063,GOLD
NA1_5636848817,PLATINUM
NA1_5637015504,MASTER
NA1_5638618510,SILVER
NA1_5636943489,GOLD
NA1_5638131030,EMERALD
NA1_5638679598,CHALLENGER
NA1_5638689452,MASTER
NA1_5638998215,MASTER
NA1_5632091529,GRANDMASTER
NA1_5638651797,EMERALD
NA1_5637464301,IRON
NA1_5632873174,BRONZE
NA1_5637092702,CHALLENGER
NA1_5630094985,GOLD
NA1_5638551136,GOLD
NA1_5639189112,EMERALD
NA1_5634940525,IRON
NA1_5638326089,MASTER
NA1_5638812773,GRANDMASTER
NA1_5637545057,EMERALD
NA1_5637797977,IRON
NA1_5632135601,DIAMOND
NA1_5638067789,MASTER
NA1_5637798937,IRON
NA1_5638808786,SILVER
NA1_5636572153,PLATINUM
NA1_5638119986,GRANDMASTER
NA1_5637572515,MASTER
NA1_5639176435,SILVER
NA1_5636895604,SILVER
NA1_5631359803,PLATINUM
NA1_5637788100,CHALLENGER
NA1_5636910008,BRONZE
NA1_5635119812,EMERALD
NA1_5639073169,BRONZE
NA1_5638637342,EMERALD
NA1_5637276691,MASTER
NA1_5638570174,BRONZE
NA1_5632804792,PLATINUM
NA1_5637875398,EMERALD
NA1_5639077109,GRANDMASTER
NA1_5639176627,GOLD
NA1_5639213373,SILVER
NA1_5639024454,SILVER
NA1_5635648182,DIAMOND
NA1_5636238628,GOLD
NA1_5638090422,GRANDMASTER
NA1_5635829296,EMERALD
NA1_5632446408,CHALLENGER
NA1_5638697190,MASTER
NA1_5632501784,GOLD
NA1_5636085555,SILVER
NA1_5639227301,DIAMOND
NA1_5639081801,EMERALD
NA1_5637636039,DIAMOND
NA1_5639155571,MASTER
NA1_5638969098,PLATINUM
NA1_5633174184,EMERALD
NA1_5631702886,EMERALD
NA1_5634437555,PLATINUM
NA1_5638012060,IRON
NA1_5636758876,DIAMOND
NA1_5638352476,MASTER
NA1_5631297904,SILVER
NA1_5631621810,GOLD
NA1_5635807800,DIAMOND
NA1_5636068167,DIAMOND
NA1_5636706260,CHALLENGER
NA1_5637448773,IRON
NA1_5637809659,MASTER
NA1_5639248669,GOLD
NA1_5639037959,GOLD
NA1_5638921015,EMERALD
NA1_5639086456,GRANDMASTER
NA1_5637680793,MASTER
NA1_5638743531,IRON
NA1_5638009924,IRON
NA1_5636052326,GRANDMASTER
NA1_5639144033,DIAMOND
NA1_5635912496,SILVER
NA1_5634979278,CHALLENGER
NA1_5638230346,GRANDMASTER
NA1_5637665752,DIAMOND
NA1_5635966464,SILVER
NA1_5637175781,GRANDMASTER
NA1_5637256600,EMERALD
NA1_5636081692,BRONZE
NA1_5638573444,BRONZE
NA1_5636286148,EMERALD
NA1_5638877629,SILVER
NA1_5631362605,EMERALD
NA1_5636869294,BRONZE
NA1_5636934184,BRONZE
NA1_5639136173,EMERALD
NA1_5638941521,GOLD
NA1_5633173762,DIAMOND
NA1_5631772070,SILVER
NA1_5635333133,MASTER
NA1_5632232387,BRONZE
NA1_5633859281,PLATINUM
NA1_5637843135,BRONZE
NA1_5636788058,GRANDMASTER
NA1_5632444960,IRON
NA1_5637447609,MASTER
NA1_5637300146,GOLD
NA1_5628948429,SILVER
NA1_5635749685,GRANDMASTER
NA1_5631599731,GOLD
NA1_5636472822,CHALLENGER
NA1_5638505581,BRONZE
NA1_5638806432,GOLD
NA1_5634058321,BRONZE
NA1_5638469446,GRANDMASTER
NA1_5637362276,PLATINUM
NA1_5635064509,IRON
NA1_5638858341,GRANDMASTER
NA1_5633397159,SILVER
NA1_5637739183,BRONZE
NA1_5632237197,GOLD
NA1_5637917297,BRONZE
NA1_5630870383,BRONZE
NA1_5639077535,GRANDMASTER
NA1_5639254417,DIAMOND
NA1_5633216194,MASTER
NA1_5639225389,PLATINUM
NA1_5638915209,IRON
NA1_5639136949,DIAMOND
NA1_5637942166,GOLD
NA1_5633778330,CHALLENGER
NA1_5638097993,CHALLENGER
NA1_5629061275,EMERALD
NA1_5636646224,DIAMOND
NA1_5637411868,IRON
NA1_5638786493,CHALLENGER
NA1_5638925852,GRANDMASTER
NA1_5632703843,SILVER
NA1_5638019440,MASTER
NA1_5635163319,DIAMOND
NA1_5636402587,GOLD
NA1_5634852891,GOLD
NA1_5637468473,SILVER
NA1_5632506220,MASTER
NA1_5636848511,GOLD
NA1_5636454565,GRANDMASTER
NA1_5637871965,GRANDMASTER
NA1_5634836059,BRONZE
NA1_5632823186,GOLD
NA1_5638266621,GRANDMASTER
NA1_5638697101,GOLD
NA1_5629459431,GRANDMASTER
NA1_5634643972,CHALLENGER
NA1_5639025551,GOLD
NA1_5639058401,CHALLENGER
NA1_5639167328,EMERALD
NA1_5638316509,GOLD
NA1_5633705659,EMERALD
NA1_5636561316,IRON
NA1_5638170613,EMERALD
NA1_5637447176,CHALLENGER
NA1_5636181706,SILVER
NA1_5632799975,MASTER
NA1_5637361069,IRON
NA1_5637619688,SILVER
NA1_5637387159,IRON
NA1_5638386315,PLATINUM
NA1_5637463764,IRON
NA1_5637414378,BRONZE
NA1_5635298565,IRON
NA1_5637895705,IRON
NA1_5638991805,PLATINUM
NA1_5635885086,BRONZE
NA1_5636119864,GRANDMASTER
NA1_5632668274,PLATINUM
NA1_5639043156,MASTER
NA1_5638906397,EMERALD
NA1_5635959274,EMERALD
NA1_5638326399,GOLD
NA1_5637424140,GOLD
NA1_5633858049,GOLD
NA1_5634353162,BRONZE
NA1_5638660167,MASTER
NA1_5636654333,SILVER
NA1_5638886315,DIAMOND
NA1_5635506425,PLATINUM
NA1_5637509416,DIAMOND
NA1_5632776198,EMERALD
NA1_5637381914,GOLD
NA1_5639096561,MASTER
NA1_5637498159,GOLD
NA1_5639206014,PLATINUM
NA1_5639258882,GRANDMASTER
NA1_5630936913,PLATINUM
NA1_5637411555,MASTER
NA1_5635829140,IRON
NA1_5638918788,PLATINUM
NA1_5638714355,CHALLENGER
NA1_5636918585,BRONZE
NA1_5638209738,MASTER
NA1_5637968198,EMERALD
NA1_5638654565,EMERALD
NA1_5629480166,BRONZE
NA1_5637371364,MASTER
NA1_5636402854,PLATINUM
NA1_5630105544,DIAMOND
NA1_5637381676,SILVER
NA1_5636602131,GRANDMASTER
NA1_5635650638,EMERALD
NA1_5634563419,BRONZE
NA1_5639015148,MASTER
NA1_5638551123,MASTER
NA1_5638958723,SILVER
NA1_5639195286,MASTER
NA1_5629876585,SILVER
NA1_5639009665,GOLD
NA1_5634094022,CHALLENGER
NA1_5630885372,DIAMOND
NA1_5637960840,DIAMOND
NA1_5635320361,GOLD
NA1_5634482113,GOLD
NA1_5637218960,CHALLENGER
NA1_5636775839,EMERALD
NA1_5633964081,SILVER
NA1_5637928852,PLATINUM
NA1_5638150227,EMERALD
NA1_5630660819,CHALLENGER
NA1_5638537319,MASTER
NA1_5636880768,IRON
NA1_5636975510,DIAMOND
NA1_5633242765,DIAMOND
NA1_5639233473,MASTER
NA1_5632524559,PLATINUM
NA1_5638338509,PLATINUM
NA1_5637560680,MASTER
NA1_5629460207,GRANDMASTER
NA1_5636157220,BRONZE
NA1_5639023024,IRON
NA1_5637752842,MASTER
NA1_5639246114,EMERALD
NA1_5636194629,GOLD
NA1_5637053422,BRONZE
NA1_5629274561,BRONZE
NA1_5639201391,EMERALD
NA1_5629354444,EMERALD
NA1_5637949965,MASTER
NA1_5639187165,MASTER
NA1_5639130122,GOLD
NA1_5631045446,PLATINUM
NA1_5638665631,EMERALD
NA1_5637588194,DIAMOND
NA1_5637989068,EMERALD
NA1_5628978120,DIAMOND
NA1_5632431558,EMERALD
NA1_5637157616,IRON
NA1_5637364791,PLATINUM
NA1_5635762882,SILVER
NA1_5637031992,EMERALD
NA1_5632798598,IRON
NA1_5633414227,GRANDMASTER
NA1_5630420118,GOLD
NA1_5631586607,SILVER
NA1_5638852594,MASTER
NA1_5634574307,MASTER
NA1_5639073973,CHALLENGER
NA1_5635975956,MASTER
NA1_5637446086,IRON
NA1_5634593830,CHALLENGER
NA1_5636507095,EMERALD
NA1_5636400426,IRON
NA1_5636443669,EMERALD
NA1_5637808446,PLATINUM
NA1_5637500519,GRANDMASTER
NA1_5637934462,GRANDMASTER
NA1_5639162651,GRANDMASTER
NA1_5638562966,DIAMOND
NA1_5638602672,BRONZE
NA1_5638960940,PLATINUM
NA1_5637712289,MASTER
NA1_5638238350,DIAMOND
NA1_5637230501,BRONZE
NA1_5638434443,DIAMOND
NA1_5638649462,MASTER
NA1_5635277984,CHALLENGER
NA1_5638939106,IRON
NA1_5629703074,EMERALD
NA1_5631089459,PLATINUM
NA1_5639143956,DIAMOND
NA1_5637348985,DIAMOND
NA1_5636732753,DIAMOND
NA1_5635026795,GRANDMASTER
NA1_5634434502,CHALLENGER
NA1_5638375336,EMERALD
NA1_5636612508,GRANDMASTER
NA1_5638711898,BRONZE
NA1_5638792050,EMERALD
NA1_5638020070,DIAMOND
NA1_5639099839,SILVER
NA1_5637478149,DIAMOND
NA1_5635410274,GRANDMASTER
NA1_5634124610,CHALLENGER
NA1_5637177381,IRON
NA1_5638428050,IRON
NA1_5630170087,PLATINUM
NA1_5632905354,BRONZE
NA1_5639025831,GOLD
NA1_5638189400,IRON
NA1_5629195572,BRONZE
NA1_5638977184,BRONZE
NA1_5637722211,MASTER
NA1_5636793958,EMERALD
NA1_5628814037,BRONZE
NA1_5628844798,DIAMOND
NA1_5636956276,PLATINUM
NA1_5639068588,BRONZE
NA1_5638242491,CHALLENGER
NA1_5628803935,SILVER
NA1_5637425781,SILVER
NA1_5635448196,IRON
NA1_5638707863,IRON
NA1_5636709378,DIAMOND
NA1_5635287317,GOLD
NA1_5639034144,MASTER
NA1_5638598332,MASTER
NA1_5638507638,BRONZE
NA1_5638275930,EMERALD
NA1_5639098986,PLATINUM
NA1_5637662523,MASTER
NA1_5635755821,GRANDMASTER
NA1_5638904818,EMERALD
NA1_5633140740,GRANDMASTER
NA1_5631850258,GRANDMASTER
NA1_5630865630,IRON
NA1_5633832687,GRANDMASTER
NA1_5639056353,GRANDMASTER
NA1_5633323552,GOLD
NA1_5638625363,GRANDMASTER
NA1_5629008691,SILVER
NA1_5636558110,SILVER
NA1_5638016712,PLATINUM
NA1_5638715731,BRONZE
NA1_5635240877,EMERALD
NA1_5629816278,SILVER
NA1_5631994133,MASTER
NA1_5638686250,SILVER
NA1_5637069971,IRON
NA1_5638994113,GOLD
NA1_5636807417,EMERALD
NA1_5638907044,SILVER
NA1_5632533926,PLATINUM
NA1_5630609857,GOLD
NA1_5637669582,PLATINUM
NA1_5638098916,BRONZE
NA1_5637775470,PLATINUM
NA1_5632994859,PLATINUM
NA1_5638919468,GRANDMASTER
NA1_5639043341,SILVER
NA1_5638745041,CHALLENGER
NA1_5637221260,MASTER
NA1_5629158324,SILVER
NA1_5637415510,GOLD
NA1_5635136289,DIAMOND
NA1_5629301851,DIAMOND
NA1_5636183089,GOLD
NA1_5629770440,GOLD
NA1_5638477141,MASTER
NA1_5632486409,IRON
NA1_5637800015,GRANDMASTER
NA1_5638186844,GRANDMASTER
NA1_5638492810,EMERALD
NA1_5638168059,IRON
NA1_5638124546,DIAMOND
NA1_5637724245,IRON
NA1_5638338145,IRON
NA1_5637058921,IRON
NA1_5635710043,GRANDMASTER
NA1_5636322142,EMERALD
NA1_5629867349,PLATINUM
NA1_5634424646,IRON
NA1_5637602657,GRANDMASTER
NA1_5639042535,GOLD
NA1_5639223441,GOLD
NA1_5634727142,GOLD
NA1_5635169609,BRONZE
NA1_5635640984,MASTER
NA1_5637183321,GRANDMASTER
NA1_5638438300,MASTER
NA1_5636161395,PLATINUM
NA1_5638588239,SILVER
NA1_5634115935,IRON
NA1_5635396680,PLATINUM
NA1_5633910892,GOLD
NA1_5638843867,MASTER
NA1_5638825634,SILVER
NA1_5639103456,MASTER
NA1_5638368864,IRON
NA1_5638663815,IRON
NA1_5635681559,GOLD
NA1_5635332446,CHALLENGER
NA1_5636275931,IRON
NA1_5636369312,SILVER
NA1_5628845708,BRONZE
NA1_5634492494,MASTER
NA1_5635752718,IRON
NA1_5634522971,CHALLENGER
NA1_5632322837,IRON
NA1_5638647466,EMERALD
NA1_5635035494,BRONZE
NA1_5632279868,MASTER
NA1_5635223083,DIAMOND
NA1_5635621029,GOLD
NA1_5636073222,CHALLENGER
NA1_5637895013,BRONZE
NA1_5638657781,IRON
NA1_5637740218,DIAMOND
NA1_5637628886,IRON
NA1_5629877453,MASTER
NA1_5639010422,GOLD
NA1_5638334715,PLATINUM
NA1_5638199753,IRON
NA1_5636809713,SILVER
NA1_5637671013,IRON
NA1_5638210462,GOLD
NA1_5638431157,SILVER
NA1_5638998728,IRON
NA1_5638766978,SILVER
NA1_5638323258,GRANDMASTER
NA1_5633026601,BRONZE
NA1_5635507448,SILVER
NA1_5637960687,SILVER
NA1_5638818769,DIAMOND
NA1_5630889976,CHALLENGER
NA1_5634215092,MASTER
NA1_5637883362,SILVER
NA1_5630717391,DIAMOND
NA1_5631279501,GOLD
NA1_5636400231,IRON
NA1_5638181886,IRON
NA1_5639016965,CHALLENGER
NA1_5638863285,GOLD
NA1_5639224266,MASTER
NA1_5635604304,BRONZE
NA1_5635338654,GOLD
NA1_5636768296,BRONZE
NA1_5638811140,IRON
NA1_5638347271,SILVER
NA1_5637457868,EMERALD
NA1_5631109429,PLATINUM
NA1_5634091320,EMERALD
NA1_5632086118,BRONZE
NA1_5639163410,GRANDMASTER
NA1_5639243367,DIAMOND
NA1_5638353055,GOLD
NA1_5638118124,MASTER
NA1_5630233149,PLATINUM
NA1_5638956346,BRONZE
NA1_5639119598,BRONZE
NA1_5637206124,EMERALD
NA1_5639009795,CHALLENGER
NA1_5633415801,BRONZE
NA1_5638864892,IRON
NA1_5636745428,EMERALD
NA1_5635974638,DIAMOND
NA1_5635832846,GRANDMASTER
NA1_5635845496,IRON
NA1_5634705799,EMERALD
NA1_5638861062,EMERALD
NA1_5638514971,GOLD
NA1_5637587154,IRON
NA1_5638691994,CHALLENGER
NA1_5638517317,GOLD
NA1_5632696148,PLATINUM
NA1_5637616033,GRANDMASTER
NA1_5638723527,GOLD
NA1_5638321656,GRANDMASTER
NA1_5638634575,IRON
NA1_5638497032,IRON
NA1_5636592716,GRANDMASTER
NA1_5637946121,MASTER
NA1_5638378973,SILVER
NA1_5638057212,GOLD
NA1_5637961163,BRONZE
NA1_5638668702,SILVER
NA1_5634451096,EMERALD
NA1_5634621602,IRON
NA1_5639176664,GOLD
NA1_5638183606,GOLD
NA1_5638505196,PLATINUM
NA1_5638410708,SILVER
NA1_5631154401,DIAMOND
NA1_5636289174,IRON
NA1_5636789978,GOLD
NA1_5633283724,DIAMOND
NA1_5637919143,MASTER
NA1_5628898487,EMERALD
NA1_5638001470,IRON
NA1_5636244016,PLATINUM
NA1_5636672844,IRON
NA1_5629017467,DIAMOND
NA1_5635992255,CHALLENGER
NA1_5635214543,CHALLENGER
NA1_5635730381,IRON
NA1_5631723542,MASTER
NA1_5635881624,GOLD
NA1_5634871010,MASTER
NA1_5633105671,IRON
NA1_5635612343,GRANDMASTER
NA1_5639003136,DIAMOND
NA1_5635051606,DIAMOND
NA1_5629784162,DIAMOND
NA1_5638808400,IRON
NA1_5638921555,GRANDMASTER
NA1_5638030973,PLATINUM
NA1_5630508019,BRONZE
NA1_5634787217,GOLD
NA1_5637592455,EMERALD
NA1_5638468141,DIAMOND
NA1_5634423797,DIAMOND
NA1_5638756499,SILVER
NA1_5636032342,MASTER
NA1_5639165848,BRONZE
NA1_5634811605,GOLD
NA1_5629003868,BRONZE
NA1_5629097848,BRONZE
NA1_5636659320,GOLD
NA1_5637341347,IRON
NA1_5639155645,GRANDMASTER
NA1_5637023962,DIAMOND
NA1_5633867698,GRANDMASTER
NA1_5639263816,GOLD
NA1_5635223780,PLATINUM
NA1_5639199569,PLATINUM
NA1_5638616910,IRON
NA1_5638449606,PLATINUM
NA1_5638237393,GRANDMASTER
NA1_5638611836,GRANDMASTER
NA1_5637598112,BRONZE
NA1_5631742305,DIAMOND
NA1_5630684172,BRONZE
NA1_5638141645,IRON
NA1_5635197596,DIAMOND
NA1_5631558157,DIAMOND
NA1_5636700550,BRONZE
NA1_5638021319,PLATINUM
NA1_5634554033,DIAMOND
NA1_5637561422,SILVER
NA1_5634162148,SILVER
NA1_5638935538,PLATINUM
NA1_5633451434,BRONZE
NA1_5635136421,EMERALD
NA1_5632970454,IRON
NA1_5638719470,IRON
NA1_5631874714,DIAMOND
NA1_5636025896,MASTER
NA1_5634541323,CHALLENGER
NA1_5638309679,GRANDMASTER
NA1_5635439403,PLATINUM
NA1_5635385133,BRONZE
NA1_5634866975,CHALLENGER
NA1_5638844496,GOLD
NA1_5637154753,GRANDMASTER
NA1_5632786934,EMERALD
NA1_5635929249,GRANDMASTER
NA1_5637850608,PLATINUM
NA1_5638089042,IRON
NA1_5638645070,IRON
NA1_5629041458,SILVER
NA1_5637042625,PLATINUM
NA1_5638888835,GRANDMASTER
NA1_5631762841,SILVER
NA1_5632137093,CHALLENGER
NA1_5629773029,PLATINUM
NA1_5637776835,IRON
NA1_5636065596,GRANDMASTER
NA1_5636397978,SILVER
NA1_5638467240,PLATINUM
NA1_5638461922,GOLD
NA1_5637843267,CHALLENGER
NA1_5633654562,SILVER
NA1_5639236278,EMERALD
NA1_5632159368,BRONZE
NA1_5638775855,DIAMOND
NA1_5639191606,BRONZE
NA1_5631751302,BRONZE
NA1_5638216835,GRANDMASTER
NA1_5633663681,PLATINUM
NA1_5638749474,MASTER
NA1_5639064266,EMERALD
NA1_5638495448,GOLD
NA1_5638301572,GRANDMASTER
NA1_5638652995,EMERALD
NA1_5638393573,EMERALD
NA1_5638265066,IRON
NA1_5638394414,BRONZE
NA1_5635625577,CHALLENGER
NA1_5629755734,BRONZE
NA1_5635797235,IRON
NA1_5638665731,GRANDMASTER
NA1_5637502619,MASTER
NA1_5632019737,EMERALD
NA1_5634026003,EMERALD
NA1_5638536408,GRANDMASTER
NA1_5639127269,SILVER
NA1_5635697383,BRONZE
NA1_5634558750,BRONZE
NA1_5635596075,BRONZE
NA1_5631016211,PLATINUM
NA1_5638346267,GRANDMASTER
NA1_5637015622,GRANDMASTER
NA1_5636663575,DIAMOND
NA1_5639127964,CHALLENGER
NA1_5636208987,SILVER
NA1_5635102157,IRON
NA1_5633003748,SILVER
NA1_5639139567,MASTER
NA1_5632099625,IRON
NA1_5637893514,GOLD
NA1_5635720234,EMERALD
NA1_5637902542,DIAMOND
NA1_5636520580,GRANDMASTER
NA1_5630183920,DIAMOND
NA1_5636096998,EMERALD
NA1_5637445028,SILVER
NA1_5638064206,PLATINUM
NA1_5636274645,GRANDMASTER
NA1_5638648732,GRANDMASTER
NA1_5636968976,SILVER
NA1_5638596890,GOLD
NA1_5632142535,PLATINUM
NA1_5637037539,MASTER
NA1_5637686733,GRANDMASTER
NA1_5629896110,PLATINUM
NA1_5628999865,IRON
NA1_5638511835,MASTER
NA1_5635319394,BRONZE
NA1_5629120622,EMERALD
NA1_5639023011,MASTER
NA1_5635875908,PLATINUM
NA1_5629671665,GOLD
NA1_5634268453,CHALLENGER
NA1_5629297641,SILVER
NA1_5630852310,IRON
NA1_5629012979,GOLD
NA1_5637345296,MASTER
NA1_5639213732,SILVER
NA1_5635588769,SILVER
NA1_5632768068,EMERALD
NA1_5639189383,BRONZE
NA1_5632558897,SILVER
NA1_5633651489,GRANDMASTER
NA1_5637487856,MASTER
NA1_5633651806,PLATINUM
NA1_5630085946,DIAMOND
NA1_5638974148,PLATINUM
NA1_5639024706,GRANDMASTER
NA1_5639209163,GOLD
NA1_5635930467,IRON
NA1_5638311551,BRONZE
NA1_5630745322,DIAMOND
NA1_5634816696,IRON
NA1_5636696034,EMERALD
NA1_5630661093,SILVER
NA1_5634216434,PLATINUM
NA1_5638800075,GRANDMASTER
NA1_5639245687,PLATINUM
NA1_5639098745,BRONZE
NA1_5637586506,CHALLENGER
NA1_5635859522,DIAMOND
NA1_5630809895,GOLD
NA1_5638690816,GRANDMASTER
NA1_5637365726,CHALLENGER
NA1_5632999249,GRANDMASTER
NA1_5638567842,PLATINUM
NA1_5638865911,DIAMOND
NA1_5638081226,IRON
NA1_5638955663,EMERALD
NA1_5636764620,PLATINUM
NA1_5633357952,SILVER
NA1_5637927916,CHALLENGER
NA1_5637584606,EMERALD
NA1_5632562913,DIAMOND
NA1_5628961274,BRONZE
NA1_5634477563,PLATINUM
NA1_5629936922,IRON
NA1_5637310895,GOLD
NA1_5634842342,CHALLENGER
NA1_5639140870,PLATINUM
NA1_5633830088,EMERALD
NA1_5631935473,DIAMOND
NA1_5638707532,GOLD
NA1_5635635350,BRONZE
NA1_5638502823,CHALLENGER
NA1_5638433805,MASTER
NA1_5637848166,PLATINUM
NA1_5635038063,PLATINUM
NA1_5637653439,BRONZE
NA1_5635088249,DIAMOND
NA1_5637360470,GRANDMASTER
NA1_5638267933,GOLD
NA1_5638194243,GRANDMASTER
NA1_5638778162,EMERALD
NA1_5634709196,GOLD
NA1_5633704417,MASTER
NA1_5638796294,MASTER
NA1_5630035147,MASTER
NA1_5638232663,SILVER
NA1_5632154889,GOLD
NA1_5636255266,DIAMOND
NA1_5636196995,BRONZE
NA1_5638896749,IRON
NA1_5631536541,EMERALD
NA1_5637703510,GRANDMASTER
NA1_5635119751,DIAMOND
NA1_5636409615,GOLD
NA1_5635239353,PLATINUM
NA1_5636293159,BRONZE
NA1_5635110954,EMERALD
NA1_5635911088,GRANDMASTER
NA1_5638778621,SILVER
NA1_5638278210,SILVER
NA1_5638867902,PLATINUM
NA1_5635596374,SILVER
NA1_5633875091,BRONZE
NA1_5638370702,BRONZE
NA1_5628811147,MASTER
NA1_5637859868,EMERALD
NA1_5638644686,IRON
NA1_5634368353,GOLD
NA1_5633088021,EMERALD
NA1_5639095273,PLATINUM
NA1_5638711972,IRON
NA1_5637621599,BRONZE
NA1_5638860732,GOLD
NA1_5636043203,DIAMOND
NA1_5632651625,GOLD
NA1_5638111016,BRONZE
NA1_5633503771,PLATINUM
NA1_5635865911,PLATINUM
NA1_5634538633,IRON
NA1_5637684943,PLATINUM
NA1_5638537828,EMERALD
NA1_5637294954,PLATINUM
NA1_5638331220,CHALLENGER
NA1_5634667683,CHALLENGER
NA1_5639208736,BRONZE
NA1_5638972783,SILVER
NA1_5637331421,DIAMOND
NA1_5636549803,IRON
NA1_5638931700,DIAMOND
NA1_5636629266,MASTER
NA1_5638106035,BRONZE
NA1_5639241261,PLATINUM
NA1_5638634256,EMERALD
NA1_5638997500,DIAMOND
NA1_5639093750,DIAMOND
NA1_5634842677,MASTER
NA1_5638714652,SILVER
NA1_5638588735,EMERALD
NA1_5638522239,PLATINUM
NA1_5639038066,BRONZE
NA1_5638013128,MASTER
NA1_5635406164,IRON
NA1_5636718763,EMERALD
NA1_5638235537,GOLD
NA1_5637353083,EMERALD
NA1_5639127830,DIAMOND
NA1_5636957122,PLATINUM
NA1_5638226174,GRANDMASTER
NA1_5637294675,SILVER
NA1_5631804331,SILVER
NA1_5638463917,GRANDMASTER
NA1_5638138150,BRONZE
NA1_5630498332,BRONZE
NA1_5638793794,GOLD
NA1_5635905361,PLATINUM
NA1_5639222164,EMERALD
NA1_5629777363,PLATINUM
NA1_5633365447,IRON
NA1_5638287093,GOLD
NA1_5635910973,GOLD
NA1_5638945312,PLATINUM
NA1_5635616529,EMERALD
NA1_5636259362,GOLD
NA1_5634179579,DIAMOND
NA1_5636935578,EMERALD
NA1_5631785089,GOLD
NA1_5638829882,IRON
NA1_5639221258,DIAMOND
NA1_5635742249,BRONZE
NA1_5638168894,MASTER
NA1_5634196134,GRANDMASTER
NA1_5636911312,MASTER
NA1_5638939870,BRONZE
NA1_5638157444,EMERALD
NA1_5639072780,DIAMOND
NA1_5630702312,DIAMOND
NA1_5630169284,IRON
NA1_5634115558,PLATINUM
NA1_5638865343,IRON
NA1_5636210301,GOLD
NA1_5638811152,BRONZE
NA1_5634507088,GOLD
NA1_5633642459,IRON
NA1_5637811918,EMERALD
NA1_5635214898,GRANDMASTER
NA1_5638751351,EMERALD
NA1_5639081864,SILVER
NA1_5631187960,DIAMOND
NA1_5637641962,GRANDMASTER
NA1_5639094473,GRANDMASTER
NA1_5636781361,GRANDMASTER
NA1_5635494217,CHALLENGER
NA1_5636310912,CHALLENGER
NA1_5638060653,GOLD
NA1_5638403118,PLATINUM
NA1_5637297373,DIAMOND
NA1_5638717017,PLATINUM
NA1_5635722105,IRON
NA1_5638154027,MASTER
NA1_5636971362,GOLD
NA1_5633449318,PLATINUM
NA1_5638749345,GOLD
NA1_5636154678,EMERALD
NA1_5634954974,BRONZE
NA1_5635434156,GOLD
NA1_5637279416,GOLD
NA1_5637001857,IRON
NA1_5632727572,IRON
NA1_5638230233,SILVER
NA1_5637267638,GRANDMASTER
NA1_5635994982,EMERALD
NA1_5639136290,BRONZE
NA1_5638972382,GOLD
NA1_5630702597,SILVER
NA1_5635048281,GOLD
NA1_5638885670,IRON
NA1_5637642780,MASTER
NA1_5637963049,SILVER
NA1_5632940618,GOLD
NA1_5636192637,EMERALD
NA1_5635812790,DIAMOND
NA1_5637697137,IRON
NA1_5638750231,IRON
NA1_5638131857,GRANDMASTER
NA1_5638163310,GRANDMASTER
NA1_5638427125,DIAMOND
NA1_5632770979,GOLD
NA1_5638577491,GRANDMASTER
NA1_5633914617,SILVER
NA1_5634800849,BRONZE
NA1_5638382554,SILVER
NA1_5629260358,EMERALD
NA1_5635085891,IRON
NA1_5631605068,IRON
NA1_5638823885,GRANDMASTER
NA1_5638994709,BRONZE
NA1_5638783867,DIAMOND
NA1_5634676083,PLATINUM
NA1_5637805749,IRON
NA1_5630034483,GOLD
NA1_5637464696,EMERALD
NA1_5633905484,MASTER
NA1_5638334240,GRANDMASTER
NA1_5638258339,MASTER
NA1_5636703345,GRANDMASTER
NA1_5638318434,CHALLENGER
NA1_5639200232,MASTER
NA1_5638531818,BRONZE
NA1_5638838563,PLATINUM
NA1_5636149120,IRON
NA1_5638287566,GOLD
NA1_5638721745,IRON
NA1_5635584550,BRONZE
NA1_5636056659,BRONZE
NA1_5633922738,MASTER
NA1_5638067953,EMERALD
NA1_5635176276,BRONZE
NA1_5633712824,GRANDMASTER
NA1_5637379976,MASTER
NA1_5633018045,IRON
NA1_5637627759,BRONZE
NA1_5638284133,MASTER
NA1_5635470501,DIAMOND
NA1_5638399514,CHALLENGER
NA1_5631855250,EMERALD
NA1_5628772742,EMERALD
NA1_5637279634,CHALLENGER
NA1_5638921539,GOLD
NA1_5638134862,CHALLENGER
NA1_5637876000,IRON
NA1_5638705951,MASTER
NA1_5639042427,EMERALD
NA1_5632102616,GRANDMASTER
NA1_5638798845,IRON
NA1_5638473906,MASTER
NA1_5637464129,CHALLENGER
NA1_5636970683,PLATINUM
NA1_5637067362,BRONZE
NA1_5631076833,PLATINUM
NA1_5637528902,EMERALD
NA1_5638926800,GOLD
NA1_5635722379,MASTER
NA1_5639197670,PLATINUM
NA1_5634917044,MASTER
NA1_5635266111,CHALLENGER
NA1_5633680741,GOLD
NA1_5638209460,GRANDMASTER
NA1_5637556646,GRANDMASTER
NA1_5638733986,GRANDMASTER
NA1_5634340251,GOLD
NA1_5638532733,DIAMOND
NA1_5635563922,GRANDMASTER
NA1_5639070779,GRANDMASTER
NA1_5638099265,MASTER
NA1_5638815980,IRON
NA1_5638735108,GRANDMASTER
NA1_5638955817,GOLD
NA1_5639008645,PLATINUM
NA1_5629744222,BRONZE
NA1_5639251045,GOLD
NA1_5631249703,GOLD
NA1_5631977844,SILVER
NA1_5637838325,PLATINUM
NA1_5638937685,PLATINUM
NA1_5632777061,EMERALD
NA1_5634895857,EMERALD
NA1_5638322160,EMERALD
NA1_5637915086,SILVER
NA1_5638508195,BRONZE
NA1_5632463901,MASTER
NA1_5637061346,EMERALD
NA1_5635487483,EMERALD
NA1_5633953125,EMERALD
NA1_5639159163,BRONZE
NA1_5637937764,DIAMOND
NA1_5639123442,MASTER
NA1_5630362565,GRANDMASTER
NA1_5634490299,EMERALD
NA1_5638910867,MASTER
NA1_5638731834,DIAMOND
NA1_5638749115,BRONZE
NA1_5638401226,PLATINUM
NA1_5629001131,EMERALD
NA1_5637699975,GOLD
NA1_5638292361,PLATINUM
NA1_5633297894,BRONZE
NA1_5638097822,IRON
NA1_5638828813,BRONZE
NA1_5638971849,IRON
NA1_5634887642,GOLD
NA1_5630533755,GOLD
NA1_5638759431,BRONZE
NA1_5634165464,DIAMOND
NA1_5634540585,CHALLENGER
NA1_5638626685,SILVER
NA1_5631493203,PLATINUM
NA1_5637594158,IRON
NA1_5638094865,EMERALD
NA1_5632553927,MASTER
NA1_5634601219,SILVER
NA1_5636056529,DIAMOND
NA1_5638507856,EMERALD
NA1_5629781589,DIAMOND
NA1_5634853410,EMERALD
NA1_5630026293,IRON
NA1_5639018581,DIAMOND
NA1_5638823876,GOLD
NA1_5636860507,DIAMOND
NA1_5636827360,MASTER
NA1_5639255274,DIAMOND
NA1_5639065304,GOLD
NA1_5638232628,GRANDMASTER
NA1_5634601049,EMERALD
NA1_5639095131,MASTER
NA1_5638161613,GRANDMASTER
NA1_5635706042,GRANDMASTER
NA1_5636896705,CHALLENGER
NA1_5638399335,SILVER
NA1_5636318763,CHALLENGER
NA1_5639245033,MASTER
NA1_5635155157,PLATINUM
NA1_5636932300,IRON
NA1_5630332170,GOLD
NA1_5636149476,MASTER
NA1_5630851203,BRONZE
NA1_5630880114,BRONZE
NA1_5633133132,GOLD
NA1_5638712816,DIAMOND
NA1_5636172457,BRONZE
NA1_5635314683,GRANDMASTER
NA1_5638256739,EMERALD
NA1_5636182276,PLATINUM
NA1_5630059093,DIAMOND
NA1_5638382114,IRON
NA1_5632207089,EMERALD
NA1_5637409776,EMERALD
NA1_5634954178,CHALLENGER
NA1_5638922523,SILVER
NA1_5639197058,GOLD
NA1_5633807104,DIAMOND
NA1_5636740153,BRONZE
NA1_5639056311,MASTER
NA1_5636338568,PLATINUM
NA1_5638486392,CHALLENGER
NA1_5639118256,GOLD
NA1_5636109870,GRANDMASTER
NA1_5638456408,GRANDMASTER
NA1_5636799257,PLATINUM
NA1_5636463715,GOLD
NA1_5636613338,BRONZE
NA1_5637119677,DIAMOND
NA1_5638905830,IRON
NA1_5635363473,DIAMOND
NA1_5639242442,DIAMOND
NA1_5632114197,SILVER
NA1_5634104204,CHALLENGER
NA1_5638356801,PLATINUM
NA1_5638522451,GOLD
NA1_5637607916,CHALLENGER
NA1_5634198547,GRANDMASTER
NA1_5639109639,GOLD
NA1_5630947301,GOLD
NA1_5633697942,EMERALD
NA1_5629459601,MASTER
NA1_5638972218,EMERALD
NA1_5637755564,PLATINUM
NA1_5637038729,GOLD
NA1_5636655871,BRONZE
NA1_5637889429,PLATINUM
NA1_5632813138,BRONZE
NA1_5637974062,BRONZE
NA1_5636591445,DIAMOND
NA1_5637992177,DIAMOND
NA1_5639071610,EMERALD
NA1_5638254427,GRANDMASTER
NA1_5636471501,MASTER
NA1_5634698929,IRON
NA1_5631526018,SILVER
NA1_5639128563,PLATINUM
NA1_5636640261,PLATINUM
NA1_5637615543,BRONZE
NA1_5637849146,BRONZE
NA1_5639148415,BRONZE
NA1_5637471161,GRANDMASTER
NA1_5634539785,CHALLENGER
NA1_5636793963,CHALLENGER
NA1_5637875593,MASTER
NA1_5634291249,DIAMOND
NA1_5635586841,BRONZE
NA1_5636683423,BRONZE
NA1_5634688179,SILVER
NA1_5629445104,GRANDMASTER
NA1_5636305610,BRONZE
NA1_5629465550,GRANDMASTER
NA1_5638080972,GOLD
NA1_5631430366,PLATINUM
NA1_5637700844,MASTER
NA1_5638246267,BRONZE
NA1_5634864623,PLATINUM
NA1_5637426346,IRON
NA1_5638336161,GRANDMASTER
NA1_5635851649,BRONZE
NA1_5638427585,GOLD
NA1_5638218954,EMERALD
NA1_5638126112,BRONZE
NA1_5630323594,DIAMOND
NA1_5638634486,PLATINUM
NA1_5637856859,BRONZE
NA1_5638191153,IRON
NA1_5635466602,SILVER
NA1_5637606016,MASTER
NA1_5637135991,BRONZE
NA1_5638335345,PLATINUM
NA1_5638417761,CHALLENGER
NA1_5631844319,PLATINUM
NA1_5635470832,PLATINUM
NA1_5638687899,SILVER
NA1_5637077639,IRON
NA1_5638094861,GOLD
NA1_5638476210,MASTER
NA1_5637981250,BRONZE
NA1_5637341566,GRANDMASTER
NA1_5635153709,GOLD
NA1_5636900561,DIAMOND
NA1_5632847236,GOLD
NA1_5635942075,CHALLENGER
NA1_5638922550,BRONZE
NA1_5630143423,DIAMOND
NA1_5636358303,SILVER
NA1_5638785618,IRON
NA1_5636217273,SILVER
NA1_5630435366,MASTER
NA1_5633212846,PLATINUM
NA1_5638323516,DIAMOND
NA1_5635381307,DIAMOND
NA1_5639209996,GRANDMASTER
NA1_5635153026,GOLD
NA1_5631506270,DIAMOND
NA1_5629150240,SILVER
NA1_5638762839,EMERALD
NA1_5638870391,SILVER
NA1_5637459379,BRONZE
NA1_5639018801,IRON
NA1_5637417900,MASTER
NA1_5629409599,DIAMOND
NA1_5633858359,BRONZE
NA1_5637856412,CHALLENGER
NA1_5636283660,DIAMOND
NA1_5630378452,PLATINUM
NA1_5637356126,MASTER
NA1_5637190489,DIAMOND
NA1_5638233990,GRANDMASTER
NA1_5638358305,GRANDMASTER
NA1_5635366885,EMERALD
NA1_5638144148,EMERALD
NA1_5632930408,SILVER
NA1_5637556833,DIAMOND
NA1_5637349676,MASTER
NA1_5634702950,GOLD
NA1_5638979287,MASTER
NA1_5634783803,EMERALD
NA1_5635577488,MASTER
NA1_5637881617,PLATINUM
NA1_5638359808,CHALLENGER
NA1_5630574310,SILVER
NA1_5638244495,IRON
NA1_5635954857,EMERALD
NA1_5639064722,GOLD
NA1_5637823131,EMERALD
NA1_5638828374,MASTER
NA1_5630981710,CHALLENGER
NA1_5635000789,DIAMOND
NA1_5633425155,PLATINUM
NA1_5639185401,GRANDMASTER
NA1_5637084253,BRONZE
NA1_5638186177,GRANDMASTER
NA1_5638508766,BRONZE
NA1_5636047034,GRANDMASTER
NA1_5637578700,BRONZE
NA1_5638607598,GRANDMASTER
NA1_5634653869,CHALLENGER
NA1_5639225021,MASTER
NA1_5639256391,SILVER
NA1_5629617385,PLATINUM
NA1_5635546139,IRON
NA1_5638704443,GRANDMASTER
NA1_5635591737,CHALLENGER
NA1_5629356589,MASTER
NA1_5636878626,SILVER
NA1_5638971109,SILVER
NA1_5632485583,GOLD
NA1_5637630583,EMERALD
NA1_5639074056,BRONZE
NA1_5631581534,SILVER
NA1_5632093706,DIAMOND
NA1_5636896489,IRON
NA1_5638012859,IRON
NA1_5638538561,SILVER
NA1_5632168816,BRONZE
NA1_5630603529,DIAMOND
NA1_5638854930,PLATINUM
NA1_5638995327,GOLD
NA1_5630151698,SILVER
NA1_5633708840,GOLD
NA1_5634714758,SILVER
NA1_5638157379,GOLD
NA1_5636435782,PLATINUM
NA1_5638778178,GOLD
NA1_5630222837,DIAMOND
NA1_5637069898,EMERALD
NA1_5639188279,MASTER
NA1_5638291324,BRONZE
NA1_5637725406,DIAMOND
NA1_5638382246,GRANDMASTER
NA1_5635976971,GOLD
NA1_5637756030,PLATINUM
NA1_5638288238,GRANDMASTER
NA1_5635281339,BRONZE
NA1_5630848089,SILVER
NA1_5638893627,GOLD
NA1_5637518113,SILVER
NA1_5634858112,BRONZE
NA1_5636537026,EMERALD
NA1_5638442120,MASTER
NA1_5639233398,GRANDMASTER
NA1_5630555098,EMERALD
NA1_5630616623,DIAMOND
NA1_5628794658,GOLD
NA1_5634600781,DIAMOND
NA1_5638322281,GOLD
NA1_5630047326,DIAMOND
NA1_5633421112,CHALLENGER
NA1_5638822242,MASTER
NA1_5636004107,DIAMOND
NA1_5637753840,CHALLENGER
NA1_5636424464,BRONZE
NA1_5639008277,GOLD
NA1_5637945980,DIAMOND
NA1_5636682774,GRANDMASTER
NA1_5638594748,DIAMOND
NA1_5638622887,IRON
NA1_5638606107,PLATINUM
NA1_5634736778,GOLD
NA1_5637509189,DIAMOND
NA1_5637392287,DIAMOND
NA1_5637464107,DIAMOND
NA1_5637191955,BRONZE
NA1_5630929593,PLATINUM
NA1_5633531000,EMERALD
NA1_5638301707,EMERALD
NA1_5636811885,GRANDMASTER
NA1_5631784700,PLATINUM
NA1_5638217959,BRONZE
NA1_5632159484,IRON
NA1_5633963585,PLATINUM
NA1_5629079363,BRONZE
NA1_5633209572,GOLD
NA1_5633248080,MASTER
NA1_5634903709,GOLD
NA1_5639114776,BRONZE
NA1_5638269678,SILVER
NA1_5636915888,GOLD
NA1_5639240855,GOLD
NA1_5636994783,CHALLENGER
NA1_5635233399,DIAMOND
NA1_5638623863,IRON
NA1_5637179951,DIAMOND
NA1_5638609887,IRON
NA1_5637388597,MASTER
NA1_5638554210,DIAMOND
NA1_5637501896,DIAMOND
NA1_5636732058,GRANDMASTER
NA1_5633739580,BRONZE
NA1_5637702428,GRANDMASTER
NA1_5638723704,BRONZE
NA1_5634785960,CHALLENGER
NA1_5638000706,DIAMOND
NA1_5636980594,PLATINUM
NA1_5632444560,SILVER
NA1_5637778238,SILVER
NA1_5637454719,SILVER
NA1_5638221233,PLATINUM
NA1_5638659070,BRONZE
NA1_5637657763,GRANDMASTER
NA1_5631869280,PLATINUM
NA1_5638717586,IRON
NA1_5639001275,BRONZE
NA1_5636797525,MASTER
NA1_5630441292,GOLD
NA1_5638391623,MASTER
NA1_5638928411,PLATINUM
NA1_5630920898,EMERALD
NA1_5634376990,CHALLENGER
NA1_5634458624,PLATINUM
NA1_5637420330,DIAMOND
NA1_5636303843,GOLD
NA1_5638843822,DIAMOND
NA1_5631162274,DIAMOND
NA1_5637448749,EMERALD
NA1_5637085214,CHALLENGER
NA1_5637963117,MASTER
NA1_5637808516,SILVER
NA1_5634980011,SILVER
NA1_5638953810,SILVER
NA1_5637142168,MASTER
NA1_5629070111,DIAMOND
NA1_5639230535,GOLD
NA1_5636690973,CHALLENGER
NA1_5635390020,DIAMOND
NA1_5637245372,GRANDMASTER
NA1_5632737967,GOLD
NA1_5636380306,SILVER
NA1_5639120859,SILVER
NA1_5629056977,GOLD
NA1_5635930615,MASTER
NA1_5638869520,MASTER
NA1_5637212820,IRON
NA1_5639179495,BRONZE
NA1_5638739414,EMERALD
NA1_5639029694,EMERALD
NA1_5637266605,MASTER
NA1_5638654074,MASTER
NA1_5638930516,EMERALD
NA1_5637448326,MASTER
NA1_5631188509,IRON
NA1_5639098859,GRANDMASTER
NA1_5636925571,MASTER
NA1_5630644275,MASTER
NA1_5638647949,BRONZE
NA1_5638495280,SILVER
NA1_5639134248,GOLD
NA1_5631738447,CHALLENGER
NA1_5638225324,GOLD
NA1_5636934810,GRANDMASTER
NA1_5637599957,SILVER
NA1_5638291039,GOLD
NA1_5629620483,EMERALD
NA1_5635288159,BRONZE
NA1_5636485030,SILVER
NA1_5632348449,MASTER
NA1_5635393046,SILVER
NA1_5638139523,EMERALD
NA1_5629909456,PLATINUM
NA1_5638302374,MASTER
NA1_5638741130,GRANDMASTER
NA1_5638225648,EMERALD
NA1_5637776063,MASTER
NA1_5638499623,SILVER
NA1_5635353584,EMERALD
NA1_5638998359,CHALLENGER
NA1_5638928705,PLATINUM
NA1_5635176451,CHALLENGER
NA1_5632410050,MASTER
NA1_5636396422,MASTER
NA1_5633117741,GOLD
NA1_5638576900,GRANDMASTER
NA1_5638314224,MASTER
NA1_5632089530,BRONZE
NA1_5638671163,BRONZE
NA1_5638724539,GRANDMASTER
NA1_5636165158,DIAMOND
NA1_5632823303,GRANDMASTER
NA1_5631659160,GOLD
NA1_5636895509,DIAMOND
NA1_5635662482,GRANDMASTER
NA1_5632255139,MASTER
NA1_5638291622,PLATINUM
NA1_5638238620,MASTER
NA1_5635665093,EMERALD
NA1_5635385867,DIAMOND
NA1_5638302908,SILVER
NA1_5638531794,MASTER
NA1_5633401961,SILVER
NA1_5638072071,GRANDMASTER
NA1_5638310153,GRANDMASTER
NA1_5633804198,CHALLENGER
NA1_5636514441,IRON
NA1_5634579192,GRANDMASTER
NA1_5638885676,DIAMOND
NA1_5639247295,MASTER
NA1_5637900207,SILVER
NA1_5632188172,GOLD
NA1_5636797531,EMERALD
NA1_5635112322,CHALLENGER
NA1_5635532584,EMERALD
NA1_5638845250,IRON
NA1_5635794510,GRANDMASTER
NA1_5628918453,BRONZE
NA1_5638639554,IRON
NA1_5638746763,DIAMOND
NA1_5638538675,MASTER
NA1_5637588462,GOLD
NA1_5637765906,GRANDMASTER
NA1_5637712987,IRON
NA1_5639264928,EMERALD
NA1_5638290083,MASTER
NA1_5637581021,GRANDMASTER
NA1_5630774414,SILVER
NA1_5636935043,BRONZE
NA1_5639210165,MASTER
NA1_5639096184,MASTER
NA1_5635100807,PLATINUM
NA1_5633474851,PLATINUM
NA1_5633433021,BRONZE
NA1_5630711223,GOLD
NA1_5633554914,EMERALD
NA1_5635334909,EMERALD
NA1_5636227454,PLATINUM
NA1_5628913304,IRON
NA1_5637740403,MASTER
NA1_5639210717,PLATINUM
NA1_5638466451,BRONZE
NA1_5634955223,CHALLENGER
NA1_5629226173,DIAMOND
NA1_5638686757,GOLD
NA1_5638948794,PLATINUM
NA1_5638178226,DIAMOND
NA1_5633820166,EMERALD
NA1_5637868581,MASTER
NA1_5638997223,MASTER
NA1_5637155702,IRON
NA1_5638194742,BRONZE
NA1_5638655304,MASTER
NA1_5629606184,GOLD
NA1_5633447969,SILVER
NA1_5631605427,MASTER
NA1_5635153048,CHALLENGER
NA1_5636969746,GOLD
NA1_5631447033,IRON
NA1_5632061507,MASTER
NA1_5638608111,GOLD
NA1_5631136345,BRONZE
NA1_5629825304,BRONZE
NA1_5638413454,GOLD
NA1_5634171434,EMERALD
NA1_5633398275,MASTER
NA1_5636245269,MASTER
NA1_5639236483,SILVER
NA1_5637243746,BRONZE
NA1_5636202429,BRONZE
NA1_5637277691,GRANDMASTER
NA1_5633699762,CHALLENGER
NA1_5637156191,IRON
NA1_5637831227,BRONZE
NA1_5637442351,GOLD
NA1_5638359415,CHALLENGER
NA1_5633512985,SILVER
NA1_5638656547,MASTER
NA1_5638399693,GOLD
NA1_5635583406,EMERALD
NA1_5636752022,EMERALD
NA1_5637797541,PLATINUM
NA1_5632474807,GOLD
NA1_5638987553,DIAMOND
NA1_5639196803,EMERALD
NA1_5638729725,GRANDMASTER
NA1_5634985919,MASTER
NA1_5632554342,EMERALD
NA1_5637495974,CHALLENGER
NA1_5637485561,GRANDMASTER
NA1_5634398926,GOLD
NA1_5635478326,SILVER
NA1_5632856257,GRANDMASTER
NA1_5638331209,GRANDMASTER
NA1_5632653067,IRON
NA1_5635550793,IRON
NA1_5637146555,BRONZE
NA1_5639168861,EMERALD
NA1_5635843625,SILVER
NA1_5633889987,PLATINUM
NA1_5631124818,GOLD
NA1_5634835111,EMERALD
NA1_5637880650,EMERALD
NA1_5638886141,GOLD
NA1_5636432195,SILVER
NA1_5632858695,IRON
NA1_5638872241,CHALLENGER
NA1_5638452793,BRONZE
NA1_5632544251,SILVER
NA1_5631991121,SILVER
NA1_5637469433,CHALLENGER
NA1_5638300395,BRONZE
NA1_5635882105,PLATINUM
NA1_5639152837,PLATINUM
NA1_5637493505,GOLD
NA1_5635636370,EMERALD
NA1_5639007887,EMERALD
NA1_5637615505,IRON
NA1_5637938019,EMERALD
NA1_5633366388,EMERALD
NA1_5639022462,SILVER
NA1_5637642194,CHALLENGER
NA1_5633710887,GOLD
NA1_5638783096,MASTER
NA1_5637751296,CHALLENGER
NA1_5638763883,GRANDMASTER
NA1_5630041807,GOLD
NA1_5637481752,PLATINUM
NA1_5639103077,BRONZE
NA1_5637293150,PLATINUM
NA1_5630224858,SILVER
NA1_5635585203,MASTER
NA1_5639030911,MASTER
NA1_5637340451,CHALLENGER
NA1_5638829864,IRON
NA1_5634766148,CHALLENGER
NA1_5638836520,IRON
NA1_5635201842,BRONZE
NA1_5639132089,GRANDMASTER
NA1_5635849928,PLATINUM
NA1_5639126371,MASTER
NA1_5638613979,BRONZE
NA1_5639188886,GRANDMASTER
NA1_5632090823,SILVER
NA1_5638375513,EMERALD
NA1_5631317187,BRONZE
NA1_5638708621,GOLD
NA1_5630418393,DIAMOND
NA1_5635838328,MASTER
NA1_5639095653,EMERALD
NA1_5639178618,SILVER
NA1_5637675435,SILVER
NA1_5635412181,GOLD
NA1_5639026450,GRANDMASTER
NA1_5637659425,MASTER
NA1_5634985998,PLATINUM
NA1_5635126120,PLATINUM
NA1_5636376254,PLATINUM
NA1_5634936313,EMERALD
NA1_5632119393,EMERALD
NA1_5638225854,CHALLENGER
NA1_5639224557,GOLD
NA1_5636902424,BRONZE
NA1_5637736554,GRANDMASTER
NA1_5638785659,GOLD
NA1_5639145328,EMERALD
NA1_5639053256,EMERALD
NA1_5634987385,IRON
NA1_5630545232,BRONZE
NA1_5638156719,EMERALD
NA1_5634824842,IRON
NA1_5630073461,BRONZE
NA1_5629468706,EMERALD
NA1_5634813865,MASTER
NA1_5630442866,PLATINUM
NA1_5639038195,BRONZE
NA1_5631472398,DIAMOND
NA1_5639090936,EMERALD
NA1_5633904432,IRON
NA1_5637320146,GOLD
NA1_5635785361,DIAMOND
NA1_5637508861,SILVER
NA1_5638568267,GRANDMASTER
NA1_5637186445,BRONZE
NA1_5636192957,GOLD
NA1_5635212794,IRON
NA1_5631252640,SILVER
NA1_5637727312,MASTER
NA1_5636574122,DIAMOND
NA1_5637602187,CHALLENGER
NA1_5638691077,IRON
NA1_5635611499,PLATINUM
NA1_5637063251,DIAMOND
NA1_5638516892,BRONZE
NA1_5636739579,GRANDMASTER
NA1_5635420080,IRON
NA1_5637500428,MASTER
NA1_5639216986,EMERALD
NA1_5629433545,BRONZE
NA1_5639253148,DIAMOND
NA1_5634598963,BRONZE
NA1_5638889606,EMERALD
NA1_5636176831,SILVER
NA1_5631761386,PLATINUM
NA1_5633653059,PLATINUM
NA1_5639127348,BRONZE
NA1_5638824205,SILVER
NA1_5638389823,DIAMOND
NA1_5629268175,GOLD
NA1_5637777021,EMERALD
NA1_5635493456,IRON
NA1_5638976383,MASTER
NA1_5637351301,CHALLENGER
NA1_5637597285,BRONZE
NA1_5638254524,CHALLENGER
NA1_5638244422,BRONZE
NA1_5639062671,EMERALD
NA1_5630099707,GOLD
NA1_5634309496,GOLD
NA1_5638586624,DIAMOND
NA1_5639157823,SILVER
NA1_5632019796,IRON
NA1_5633652170,SILVER
NA1_5631622189,GOLD
NA1_5635851331,SILVER
NA1_5637547512,MASTER
NA1_5634802462,PLATINUM
NA1_5637862117,GOLD
NA1_5638165957,IRON
NA1_5637380245,MASTER
NA1_5638277503,BRONZE
NA1_5639020949,MASTER
NA1_5636890878,PLATINUM
NA1_5638818708,EMERALD
NA1_5639163488,EMERALD
NA1_5637873287,EMERALD
NA1_5636948837,PLATINUM
NA1_5638372756,DIAMOND
NA1_5639149632,EMERALD
NA1_5639110432,GRANDMASTER
NA1_5635194531,EMERALD
NA1_5637619001,EMERALD
NA1_5637794731,PLATINUM
NA1_5638072177,BRONZE
NA1_5630838249,GOLD
NA1_5638285264,GRANDMASTER
NA1_5633371540,BRONZE
NA1_5637373861,PLATINUM
NA1_5632757394,SILVER
NA1_5632201404,CHALLENGER
NA1_5634600756,IRON
NA1_5639185775,EMERALD
NA1_5638985172,BRONZE
NA1_5638488913,GOLD
NA1_5629809746,IRON
NA1_5638225706,PLATINUM
NA1_5638893500,EMERALD
NA1_5635514626,GOLD
NA1_5629918881,EMERALD
NA1_5639121964,SILVER
NA1_5632872500,GOLD
NA1_5630460149,EMERALD
NA1_5636878211,DIAMOND
NA1_5638663798,EMERALD
NA1_5638851699,GOLD
NA1_5638914745,GOLD
NA1_5635026366,BRONZE
NA1_5637779950,MASTER
NA1_5630438159,SILVER
NA1_5638178569,DIAMOND
NA1_5635692433,MASTER
NA1_5634461091,SILVER
NA1_5634332838,BRONZE
NA1_5638998117,DIAMOND
NA1_5638452823,GRANDMASTER
NA1_5638646468,IRON
NA1_5633889675,CHALLENGER
NA1_5638478706,BRONZE
NA1_5638327849,EMERALD
NA1_5631898444,GOLD
NA1_5632175895,EMERALD
NA1_5632110653,GOLD
NA1_5637502588,PLATINUM
NA1_5638592917,BRONZE
NA1_5638865963,GOLD
NA1_5638152029,PLATINUM
NA1_5638505969,BRONZE
NA1_5639109315,GRANDMASTER
NA1_5638773094,GRANDMASTER
NA1_5638941179,SILVER
NA1_5639149402,PLATINUM
NA1_5636917508,PLATINUM
NA1_5638504277,CHALLENGER
NA1_5635247164,PLATINUM
NA1_5639204022,SILVER
NA1_5633557271,DIAMOND
NA1_5634089399,CHALLENGER
NA1_5631941164,MASTER
NA1_5633898792,EMERALD
NA1_5637894768,IRON
NA1_5630386904,DIAMOND
NA1_5630847233,GOLD
NA1_5635474410,IRON
NA1_5638770966,SILVER
NA1_5637417374,MASTER
NA1_5634352331,PLATINUM
NA1_5638003263,PLATINUM
NA1_5638182109,DIAMOND
NA1_5638534244,GOLD
NA1_5635426947,GRANDMASTER
NA1_5630617548,GOLD
NA1_5637659245,MASTER
NA1_5638556442,IRON
NA1_5637414587,CHALLENGER
NA1_5638263704,IRON
NA1_5632476104,PLATINUM
NA1_5639240610,MASTER
NA1_5635240480,SILVER
NA1_5637993436,EMERALD
NA1_5638827810,GRANDMASTER
NA1_5638802481,GOLD
NA1_5637468458,BRONZE
NA1_5636998583,MASTER
NA1_5639162054,EMERALD
NA1_5638117935,MASTER
NA1_5638889327,SILVER
NA1_5638380844,EMERALD
NA1_5638363674,BRONZE
NA1_5639026587,PLATINUM
NA1_5639024782,PLATINUM
NA1_5636475652,SILVER
NA1_5639080947,CHALLENGER
NA1_5633106431,MASTER
NA1_5630622821,GRANDMASTER
NA1_5636153000,MASTER
NA1_5638575464,DIAMOND
NA1_5634159428,IRON
NA1_5638999556,MASTER
NA1_5634590464,PLATINUM
NA1_5638694704,SILVER
NA1_5638663863,IRON
NA1_5633333105,PLATINUM
NA1_5629518864,GOLD
NA1_5639150684,PLATINUM
NA1_5639220418,GOLD
NA1_5639237993,GOLD
NA1_5635940707,EMERALD
NA1_5635353789,GRANDMASTER
NA1_5632467111,BRONZE
NA1_5635824526,PLATINUM
NA1_5633234232,CHALLENGER
NA1_5638954561,MASTER
NA1_5634673273,DIAMOND
NA1_5635901623,SILVER
NA1_5633346680,SILVER
NA1_5633410507,BRONZE
NA1_5638528664,BRONZE
NA1_5635881331,MASTER
NA1_5638657258,IRON
NA1_5636832952,PLATINUM
NA1_5630915610,DIAMOND
NA1_5638317990,IRON
NA1_5637751723,CHALLENGER
NA1_5636836320,SILVER
NA1_5636521847,PLATINUM
NA1_5633094300,CHALLENGER
NA1_5639245799,DIAMOND
NA1_5638018770,GRANDMASTER
NA1_5635556064,EMERALD
NA1_5630587932,DIAMOND
NA1_5635896923,MASTER
NA1_5634770127,BRONZE
NA1_5638711768,EMERALD
NA1_5638902530,SILVER
NA1_5633160299,EMERALD
NA1_5637910030,EMERALD
NA1_5636427790,IRON
NA1_5636239805,DIAMOND
NA1_5636119662,EMERALD
NA1_5639191446,MASTER
NA1_5638891204,EMERALD
NA1_5639039308,BRONZE
NA1_5637715488,SILVER
NA1_5639161208,DIAMOND
NA1_5633625389,CHALLENGER
NA1_5639207410,GRANDMASTER
NA1_5629758821,PLATINUM
NA1_5634879516,GRANDMASTER
NA1_5629116772,DIAMOND
NA1_5633964301,IRON
NA1_5637354857,DIAMOND
NA1_5634465467,PLATINUM
NA1_5639049069,GRANDMASTER
NA1_5637930902,PLATINUM
NA1_5631050328,BRONZE
NA1_5632418729,CHALLENGER
NA1_5639035226,IRON
NA1_5636156992,BRONZE
NA1_5636135935,GRANDMASTER
NA1_5639215688,GRANDMASTER
NA1_5637425122,EMERALD
NA1_5637695185,GOLD
NA1_5638565628,SILVER
NA1_5631458057,GRANDMASTER
NA1_5637652700,GRANDMASTER
NA1_5637723226,PLATINUM
NA1_5637401424,GRANDMASTER
NA1_5639244155,PLATINUM
NA1_5637312456,CHALLENGER
NA1_5639150881,GOLD
NA1_5631692263,BRONZE
NA1_5635704883,IRON
NA1_5633930394,GRANDMASTER
NA1_5634238953,IRON
NA1_5637040365,IRON
NA1_5635712373,SILVER
NA1_5638449217,DIAMOND
NA1_5632461266,EMERALD
NA1_5637488638,MASTER
NA1_5638354228,MASTER
NA1_5638251265,GRANDMASTER
NA1_5633706208,SILVER
NA1_5638793773,SILVER
NA1_5639181126,EMERALD
NA1_5638316455,EMERALD
NA1_5637964704,GOLD
NA1_5635750831,IRON
NA1_5637408367,PLATINUM
NA1_5634751773,CHALLENGER
NA1_5637767933,BRONZE
NA1_5638228277,PLATINUM
NA1_5637580296,BRONZE
NA1_5638548208,PLATINUM
NA1_5635410672,GRANDMASTER
NA1_5635610628,GRANDMASTER
NA1_5638303094,DIAMOND
NA1_5637694436,IRON
NA1_5638330758,EMERALD
NA1_5633640322,GOLD
NA1_5637400349,GRANDMASTER
NA1_5635120053,IRON
NA1_5638980518,EMERALD
NA1_5636908540,PLATINUM
NA1_5638218306,BRONZE
NA1_5638164285,GRANDMASTER
NA1_5636054011,PLATINUM
NA1_5636944522,EMERALD
NA1_5638946626,DIAMOND
NA1_5638682155,BRONZE
NA1_5629534540,PLATINUM
NA1_5638653024,GOLD
NA1_5631444386,EMERALD
NA1_5639100267,EMERALD
NA1_5636118120,GRANDMASTER
NA1_5638745511,DIAMOND
NA1_5638393328,SILVER
NA1_5638445907,CHALLENGER
NA1_5638196289,GRANDMASTER
NA1_5636016908,PLATINUM
NA1_5630414529,SILVER
NA1_5636146784,GOLD
NA1_5638713288,IRON
NA1_5630026025,EMERALD
NA1_5628927989,EMERALD
NA1_5637598056,GRANDMASTER
NA1_5635632623,GOLD
NA1_5636875560,MASTER
NA1_5630943709,PLATINUM
NA1_5637617811,GRANDMASTER
NA1_5629479724,GRANDMASTER
NA1_5638956692,CHALLENGER
NA1_5638977973,SILVER
NA1_5633961503,GRANDMASTER
NA1_5637060858,DIAMOND
NA1_5637066175,DIAMOND
NA1_5638144783,GRANDMASTER
NA1_5637434952,SILVER
NA1_5629658811,PLATINUM
NA1_5637690413,GRANDMASTER
NA1_5633239690,IRON
NA1_5631094561,GOLD
NA1_5635398884,SILVER
NA1_5634397357,MASTER
NA1_5638523406,GRANDMASTER
NA1_5636145128,GRANDMASTER
NA1_5638978093,MASTER
NA1_5638954761,DIAMOND
NA1_5636233446,BRONZE
NA1_5637987782,CHALLENGER
NA1_5633346661,PLATINUM
NA1_5635385066,GOLD
NA1_5638736103,GOLD
NA1_5631038558,DIAMOND
NA1_5638756167,BRONZE
NA1_5635709754,DIAMOND
NA1_5639090928,IRON
NA1_5638255976,DIAMOND
NA1_5635950439,BRONZE
NA1_5638273108,PLATINUM
NA1_5631001599,SILVER
NA1_5636972194,EMERALD
NA1_5634632245,EMERALD
NA1_5638921504,PLATINUM
NA1_5637914013,IRON
NA1_5635366154,BRONZE
NA1_5633499232,IRON
NA1_5631282553,SILVER
NA1_5635663545,IRON
NA1_5638848854,SILVER
NA1_5634191497,PLATINUM
NA1_5638608854,BRONZE
NA1_5639236743,DIAMOND
NA1_5637643655,PLATINUM
NA1_5638774094,MASTER
NA1_5635453548,GRANDMASTER
NA1_5637009973,PLATINUM
NA1_5638948578,SILVER
NA1_5638966975,MASTER
NA1_5629782092,IRON
NA1_5632887332,DIAMOND
NA1_5637910109,PLATINUM
NA1_5639067871,IRON
NA1_5639050792,MASTER
NA1_5639223241,SILVER
NA1_5637362511,CHALLENGER
NA1_5633435189,CHALLENGER
NA1_5638169909,MASTER
NA1_5638362738,SILVER
NA1_5638571131,GOLD
NA1_5638921846,BRONZE
NA1_5634494198,GOLD
NA1_5634956342,SILVER
NA1_5638151719,SILVER
NA1_5638843725,GRANDMASTER
NA1_5638272597,MASTER
NA1_5629606989,EMERALD
NA1_5639033803,MASTER
NA1_5630141414,IRON
NA1_5630929237,EMERALD
NA1_5631601044,PLATINUM
NA1_5639103159,BRONZE
NA1_5636583236,MASTER
NA1_5637874362,DIAMOND
NA1_5638348381,CHALLENGER
NA1_5637181825,DIAMOND
NA1_5630406635,SILVER
NA1_5638207436,IRON
NA1_5638877035,GOLD
NA1_5632743570,DIAMOND
NA1_5636849626,SILVER
NA1_5635937542,IRON
NA1_5638653404,GRANDMASTER
NA1_5637732002,DIAMOND
NA1_5637499675,GRANDMASTER
NA1_5636439194,IRON
NA1_5637427189,CHALLENGER
NA1_5635617918,GOLD
NA1_5639226137,MASTER
NA1_5635640859,MASTER
NA1_5638431741,GRANDMASTER
NA1_5636707361,GOLD
NA1_5635541130,MASTER
NA1_5637403157,GRANDMASTER
NA1_5636937972,SILVER
NA1_5632855351,GOLD
NA1_5628794465,DIAMOND
NA1_5628793092,BRONZE
NA1_5638540162,PLATINUM
NA1_5638114934,PLATINUM
NA1_5638694416,EMERALD
NA1_5636883113,IRON
NA1_5638812499,EMERALD
NA1_5632930233,CHALLENGER
NA1_5637194525,BRONZE
NA1_5636146594,PLATINUM
NA1_5637366515,IRON
NA1_5637850338,SILVER
NA1_5637948484,SILVER
NA1_5637845905,DIAMOND
NA1_5637497980,MASTER
NA1_5631607926,MASTER
NA1_5631197107,DIAMOND
NA1_5634637012,IRON
NA1_5629473224,GRANDMASTER
NA1_5638143870,DIAMOND
NA1_5638296888,IRON
NA1_5632618014,GOLD
NA1_5639172725,SILVER
NA1_5637899997,GOLD
NA1_5638448405,SILVER
NA1_5638908839,IRON
NA1_5638888728,MASTER
NA1_5634048243,MASTER
NA1_5636529949,BRONZE
NA1_5635798779,GRANDMASTER
NA1_5638147944,BRONZE
NA1_5638656526,GRANDMASTER
NA1_5636961562,GOLD
NA1_5635832337,GRANDMASTER
NA1_5636080688,PLATINUM
NA1_5638562332,SILVER
NA1_5636409573,CHALLENGER
NA1_5637898930,PLATINUM
NA1_5639258006,EMERALD
NA1_5635090915,IRON
NA1_5630247971,PLATINUM
NA1_5631364732,BRONZE
NA1_5639011054,BRONZE
NA1_5636092766,BRONZE
NA1_5638956129,DIAMOND
NA1_5636381938,IRON
NA1_5638769317,BRONZE
NA1_5636272199,PLATINUM
NA1_5638951245,DIAMOND
NA1_5637023099,PLATINUM
NA1_5635108420,IRON
NA1_5632233272,DIAMOND
NA1_5629892594,PLATINUM
NA1_5632716947,SILVER
NA1_5637017130,GOLD
NA1_5632333027,PLATINUM
NA1_5630619116,SILVER
NA1_5638069540,BRONZE
NA1_5638715907,MASTER
NA1_5639116141,DIAMOND
NA1_5636856266,GRANDMASTER
NA1_5638054746,IRON
NA1_5635970426,BRONZE
NA1_5634544272,EMERALD
NA1_5637796488,GOLD
NA1_5633183409,DIAMOND
NA1_5630222821,GRANDMASTER
NA1_5639042444,IRON
NA1_5637167916,BRONZE
NA1_5633180764,DIAMOND
NA1_5634875213,BRONZE
NA1_5639142332,GRANDMASTER
NA1_5639168361,GOLD
NA1_5636871446,GRANDMASTER
NA1_5635665851,GRANDMASTER
NA1_5636149814,GRANDMASTER
NA1_5639250824,GRANDMASTER
NA1_5637086678,MASTER
NA1_5638185207,GOLD
NA1_5636729672,BRONZE
NA1_5637730604,DIAMOND
NA1_5638924717,MASTER
NA1_5638022880,PLATINUM
NA1_5638433238,BRONZE
NA1_5634603081,IRON
NA1_5635852367,MASTER
NA1_5638987483,GOLD
NA1_5636540823,EMERALD
NA1_5633766641,DIAMOND
NA1_5637614050,SILVER
NA1_5637010427,GRANDMASTER
NA1_5634664517,BRONZE
NA1_5637883121,GRANDMASTER
NA1_5635204644,SILVER
NA1_5633268543,IRON
NA1_5638074388,CHALLENGER
NA1_5637513312,CHALLENGER
NA1_5634725086,EMERALD
NA1_5638214480,MASTER
NA1_5633471172,BRONZE
NA1_5638265682,GRANDMASTER
NA1_5637884157,DIAMOND
NA1_5638404581,SILVER
NA1_5637550916,GOLD
NA1_5638828328,GOLD
NA1_5634297680,GOLD
NA1_5639230305,GRANDMASTER
NA1_5631669073,BRONZE
NA1_5638293284,DIAMOND
NA1_5637738387,MASTER
NA1_5638719525,MASTER
NA1_5638526434,IRON
NA1_5637748002,GRANDMASTER
NA1_5630583340,GRANDMASTER
NA1_5638297207,GRANDMASTER
NA1_5632277313,SILVER
NA1_5636489093,GOLD
NA1_5636892099,EMERALD
NA1_5638077336,CHALLENGER
NA1_5634206771,GRANDMASTER
NA1_5638234906,BRONZE
NA1_5638634920,BRONZE
NA1_5635577874,IRON
NA1_5629303396,GRANDMASTER
NA1_5637726631,CHALLENGER
NA1_5638623091,SILVER
NA1_5636032470,BRONZE
NA1_5633112055,EMERALD
NA1_5637614385,DIAMOND
NA1_5635370705,PLATINUM
NA1_5637806301,DIAMOND
NA1_5631754068,SILVER
NA1_5634696726,IRON
NA1_5633825044,CHALLENGER
NA1_5638557940,EMERALD
NA1_5637187197,MASTER
NA1_5637005909,CHALLENGER
NA1_5632256974,GOLD
NA1_5639130098,PLATINUM
NA1_5631789966,EMERALD
NA1_5639056277,BRONZE
NA1_5638658507,MASTER
NA1_5634916727,PLATINUM
NA1_5635385473,CHALLENGER
NA1_5639234341,MASTER
NA1_5638901679,GOLD
NA1_5639116078,GRANDMASTER
NA1_5638620967,BRONZE
NA1_5639210076,SILVER
NA1_5637744037,GRANDMASTER
NA1_5635870689,SILVER
NA1_5637513065,EMERALD
NA1_5637517088,PLATINUM
NA1_5636142576,GRANDMASTER
NA1_5634896323,BRONZE
NA1_5638652051,BRONZE
NA1_5637393251,GRANDMASTER
NA1_5635769075,BRONZE
NA1_5630001889,BRONZE
NA1_5638183500,IRON
NA1_5639185766,BRONZE
NA1_5637981834,DIAMOND
NA1_5639050458,EMERALD
NA1_5638485258,BRONZE
NA1_5637709575,PLATINUM
NA1_5629465993,SILVER
NA1_5639175872,DIAMOND
NA1_5638986160,IRON
NA1_5635706230,SILVER
NA1_5637907952,GOLD
NA1_5636853759,MASTER
NA1_5639097358,GOLD
NA1_5632379448,MASTER
NA1_5638319953,MASTER
NA1_5635780388,EMERALD
NA1_5636594520,GOLD
NA1_5639048654,SILVER
NA1_5637055172,SILVER
NA1_5638027616,DIAMOND
NA1_5638428145,CHALLENGER
NA1_5638853106,DIAMOND
NA1_5638532035,IRON
NA1_5637336183,MASTER
NA1_5635603166,GOLD
NA1_5636161672,GRANDMASTER
NA1_5632571252,GOLD
NA1_5638142025,IRON
NA1_5635800999,IRON
NA1_5635853107,GRANDMASTER
NA1_5637814483,EMERALD
NA1_5635830443,PLATINUM
NA1_5632883352,GOLD
NA1_5634836739,IRON
NA1_5636470399,SILVER
NA1_5636484215,PLATINUM
NA1_5638795806,DIAMOND
NA1_5635639348,PLATINUM
NA1_5637675867,BRONZE
NA1_5637567696,EMERALD
NA1_5631402841,PLATINUM
NA1_5638593145,GOLD
NA1_5638846977,PLATINUM
NA1_5635287766,BRONZE
NA1_5635810503,BRONZE
NA1_5637286874,IRON
NA1_5638529219,MASTER
NA1_5638511382,BRONZE
NA1_5638655730,IRON
NA1_5632649660,GOLD
NA1_5636926280,EMERALD
NA1_5635101469,PLATINUM
NA1_5633463155,GRANDMASTER
NA1_5638841223,IRON
NA1_5638812639,GRANDMASTER
NA1_5638536186,DIAMOND
NA1_5638816796,MASTER
NA1_5639240200,DIAMOND
NA1_5639182867,MASTER
NA1_5639188747,PLATINUM
NA1_5638668787,MASTER
NA1_5637562214,DIAMOND
NA1_5629628915,SILVER
NA1_5636165448,BRONZE
NA1_5638771276,IRON
NA1_5637113667,MASTER
NA1_5637264339,GOLD
NA1_5636174808,CHALLENGER
NA1_5637665263,IRON
NA1_5638834707,DIAMOND
NA1_5634238414,DIAMOND
NA1_5636373341,EMERALD
NA1_5630508834,BRONZE
NA1_5638053779,BRONZE
NA1_5639196239,BRONZE
NA1_5637279956,CHALLENGER
NA1_5633880346,SILVER
NA1_5639221499,GOLD
NA1_5636208772,GRANDMASTER
NA1_5631118289,BRONZE
NA1_5631208643,BRONZE
NA1_5633674361,EMERALD
NA1_5637961641,DIAMOND
NA1_5638952706,SILVER
NA1_5638132068,GRANDMASTER
NA1_5636193069,BRONZE
NA1_5638993062,BRONZE
NA1_5631314922,GOLD
NA1_5630540300,BRONZE
NA1_5632154028,BRONZE
NA1_5630301439,IRON
NA1_5629235897,GOLD
NA1_5630268269,SILVER
NA1_5637010568,DIAMOND
NA1_5638973636,GRANDMASTER
NA1_5634514772,DIAMOND
NA1_5636482356,IRON
NA1_5629128069,IRON
NA1_5639093439,EMERALD
NA1_5629120857,PLATINUM
NA1_5634057238,BRONZE
NA1_5634582717,SILVER
NA1_5636925110,DIAMOND
NA1_5638131794,GRANDMASTER
NA1_5636005561,MASTER
NA1_5637889904,IRON
NA1_5638677523,CHALLENGER
NA1_5632532939,GOLD
NA1_5639055516,PLATINUM
NA1_5629179989,IRON
NA1_5637692088,SILVER
NA1_5639132594,IRON
NA1_5635709172,MASTER
NA1_5633213526,DIAMOND
NA1_5637625708,GOLD
NA1_5634161319,DIAMOND
NA1_5639241578,EMERALD
NA1_5639076907,MASTER
NA1_5639061130,MASTER
NA1_5639081062,IRON
NA1_5638817562,MASTER
NA1_5637746487,PLATINUM
NA1_5634626238,SILVER
NA1_5638055805,PLATINUM
NA1_5639265895,SILVER
NA1_5639211992,GRANDMASTER
NA1_5631798757,DIAMOND
NA1_5639086809,BRONZE
NA1_5639068290,MASTER
NA1_5637517773,MASTER
NA1_5629529011,GOLD
NA1_5638949188,DIAMOND
NA1_5638694381,GOLD
NA1_5638755483,DIAMOND
NA1_5629971194,PLATINUM
NA1_5636993617,GOLD
NA1_5638031070,PLATINUM
NA1_5632641216,IRON
NA1_5630876687,IRON
NA1_5632100753,PLATINUM
NA1_5630324343,IRON
NA1_5638550344,DIAMOND
NA1_5634082430,GOLD
NA1_5639043221,IRON
NA1_5632647383,GOLD
NA1_5638108899,GRANDMASTER
NA1_5629293903,BRONZE
NA1_5637470013,MASTER
NA1_5638870554,PLATINUM
NA1_5635994952,GRANDMASTER
NA1_5634784912,GOLD
NA1_5630150854,DIAMOND
NA1_5638415045,SILVER
NA1_5637794543,GOLD
NA1_5639200185,EMERALD
NA1_5632552541,SILVER
NA1_5639086381,GOLD
NA1_5639028947,MASTER
NA1_5636071408,DIAMOND
NA1_5635851803,CHALLENGER
NA1_5636516859,IRON
NA1_5639012429,GOLD
NA1_5637688905,GRANDMASTER
NA1_5638967376,GOLD
NA1_5635700541,DIAMOND
NA1_5635638914,SILVER
NA1_5637409536,DIAMOND
NA1_5633492419,DIAMOND
NA1_5634446282,DIAMOND
NA1_5639104908,SILVER
NA1_5634419974,BRONZE
NA1_5638511065,GRANDMASTER
NA1_5632069476,GRANDMASTER
NA1_5635142075,MASTER
NA1_5637509700,GRANDMASTER
NA1_5638117145,CHALLENGER
NA1_5638085805,DIAMOND
NA1_5636212017,EMERALD
NA1_5637572749,GRANDMASTER
NA1_5636180767,GRANDMASTER
NA1_5634270430,BRONZE
NA1_5635555556,BRONZE
NA1_5639148839,IRON
NA1_5630157243,BRONZE
NA1_5635893962,PLATINUM
NA1_5636095499,GOLD
NA1_5635124190,DIAMOND
NA1_5637168247,BRONZE
NA1_5633163030,GOLD
NA1_5629484495,SILVER
NA1_5638066047,IRON
NA1_5634533501,EMERALD
NA1_5632922708,MASTER
NA1_5637324400,GOLD
NA1_5631172950,BRONZE
NA1_5638294939,SILVER
NA1_5639018335,MASTER
NA1_5636060477,GOLD
NA1_5639135358,GRANDMASTER
NA1_5632379745,GRANDMASTER
NA1_5630016742,IRON
NA1_5638369855,BRONZE
NA1_5636611900,DIAMOND
NA1_5639060277,GRANDMASTER
NA1_5630343414,PLATINUM
NA1_5633596047,EMERALD
NA1_5638424777,SILVER
NA1_5633980436,SILVER
NA1_5638756853,IRON
NA1_5638415770,EMERALD
NA1_5632637655,DIAMOND
NA1_5638808926,SILVER
NA1_5638329280,MASTER
NA1_5639248139,DIAMOND
NA1_5639150113,GOLD
NA1_5631251530,BRONZE
NA1_5632847625,IRON
NA1_5638817536,EMERALD
NA1_5634236126,CHALLENGER
NA1_5635428577,PLATINUM
NA1_5638680093,SILVER
NA1_5636101487,PLATINUM
NA1_5636631368,EMERALD
NA1_5636187398,EMERALD
NA1_5638633710,GRANDMASTER
NA1_5637878606,GOLD
NA1_5635902391,IRON
NA1_5632238548,BRONZE
NA1_5631300861,DIAMOND
NA1_5635524465,EMERALD
NA1_5638329815,GRANDMASTER
NA1_5632390032,BRONZE
NA1_5638733053,GOLD
NA1_5636697331,EMERALD
NA1_5638207412,DIAMOND
NA1_5637898088,GRANDMASTER
NA1_5638551575,CHALLENGER
NA1_5636880074,DIAMOND
NA1_5637645022,SILVER
NA1_5639000682,GOLD
NA1_5633670134,DIAMOND
NA1_5637652233,MASTER
NA1_5638813237,IRON
NA1_5637445424,GOLD
NA1_5631362027,IRON
NA1_5638447372,MASTER
NA1_5638628441,GRANDMASTER
NA1_5635689895,GRANDMASTER
NA1_5638291563,GRANDMASTER
NA1_5630771595,BRONZE
NA1_5638382975,MASTER
NA1_5637355868,DIAMOND
NA1_5638758350,DIAMOND
NA1_5638369398,GRANDMASTER
NA1_5629409300,SILVER
NA1_5631439398,IRON
NA1_5638834986,EMERALD
NA1_5636149448,CHALLENGER
NA1_5639217479,GOLD
NA1_5634946628,CHALLENGER
NA1_5636648339,EMERALD
NA1_5637441075,MASTER
NA1_5637989154,DIAMOND
NA1_5636899623,BRONZE
NA1_5630657045,SILVER
NA1_5638876523,EMERALD
NA1_5638860834,BRONZE
NA1_5631268719,SILVER
NA1_5637768260,SILVER
NA1_5636427654,MASTER
NA1_5638875609,SILVER
NA1_5630915912,MASTER
NA1_5633670315,DIAMOND
NA1_5634538339,PLATINUM
NA1_5635949566,PLATINUM
NA1_5629116665,EMERALD
NA1_5634816049,EMERALD
NA1_5629996759,BRONZE
NA1_5639255067,PLATINUM
NA1_5634865053,PLATINUM
NA1_5638909001,GOLD
NA1_5638438770,GOLD
NA1_5631853919,SILVER
NA1_5638097651,IRON
NA1_5637916591,EMERALD
NA1_5638446585,PLATINUM
NA1_5629837539,PLATINUM
NA1_5637144768,EMERALD
NA1_5636135764,EMERALD
NA1_5638322103,IRON
NA1_5637767622,EMERALD
NA1_5633832127,SILVER
NA1_5638393710,BRONZE
NA1_5637305245,GRANDMASTER
NA1_5637595822,MASTER
NA1_5631525815,IRON
NA1_5636576513,DIAMOND
NA1_5636396324,GOLD
NA1_5631495679,SILVER
NA1_5636260353,IRON
NA1_5638759357,GRANDMASTER
NA1_5638667471,SILVER
NA1_5631759458,EMERALD
NA1_5634499467,CHALLENGER
NA1_5632276203,BRONZE
NA1_5638817858,GOLD
NA1_5632968254,BRONZE
NA1_5634807414,DIAMOND
NA1_5632541348,BRONZE
NA1_5633489241,MASTER
NA1_5637174803,GOLD
NA1_5633682358,CHALLENGER
NA1_5638780069,DIAMOND
NA1_5638630815,EMERALD
NA1_5629304200,GOLD
NA1_5631378037,SILVER
NA1_5637524643,MASTER
NA1_5639169075,PLATINUM
NA1_5638911034,MASTER
NA1_5638897755,EMERALD
NA1_5638459908,PLATINUM
NA1_5636252022,EMERALD
NA1_5639251021,MASTER
NA1_5637308799,IRON
NA1_5638068179,IRON
NA1_5634320414,MASTER
NA1_5637832933,GRANDMASTER
NA1_5638015682,IRON
NA1_5635713591,GRANDMASTER
NA1_5639111594,PLATINUM
NA1_5630458564,GOLD
NA1_5637534053,BRONZE
NA1_5632614309,SILVER
NA1_5639173508,MASTER
NA1_5637591564,MASTER
NA1_5639089584,BRONZE
NA1_5638414237,GRANDMASTER
NA1_5638095049,MASTER
NA1_5637979350,BRONZE
NA1_5634340738,MASTER
NA1_5638168851,GRANDMASTER
NA1_5636329693,BRONZE
NA1_5639179626,MASTER
NA1_5638890567,EMERALD
NA1_5636748748,CHALLENGER
NA1_5638220040,PLATINUM
NA1_5636476446,GRANDMASTER
NA1_5631457185,GRANDMASTER
NA1_5629814854,EMERALD
NA1_5638581092,IRON
NA1_5637750268,MASTER
NA1_5638754296,IRON
NA1_5639103594,EMERALD
NA1_5631650260,DIAMOND
NA1_5637461913,CHALLENGER
NA1_5637319114,DIAMOND
NA1_5634706861,GOLD
NA1_5639254506,GRANDMASTER
NA1_5638468379,DIAMOND
NA1_5638893824,MASTER
NA1_5635585696,EMERALD
NA1_5638223047,EMERALD
NA1_5636408014,SILVER
NA1_5636643791,GRANDMASTER
NA1_5635917897,BRONZE
NA1_5629099841,EMERALD
NA1_5637892845,CHALLENGER
NA1_5639261891,SILVER
NA1_5638894506,IRON
NA1_5638823432,GOLD
NA1_5638940185,DIAMOND
NA1_5631170071,EMERALD
NA1_5637993391,SILVER
NA1_5636848061,DIAMOND
NA1_5636632934,IRON
NA1_5630085828,GOLD
NA1_5634214767,CHALLENGER
NA1_5637821621,GOLD
NA1_5638287464,EMERALD
NA1_5636875608,EMERALD
NA1_5635768249,GOLD
NA1_5638299902,MASTER
NA1_5639214625,DIAMOND
NA1_5634205546,IRON
NA1_5631271691,BRONZE
NA1_5636219238,BRONZE
NA1_5639188750,GRANDMASTER
NA1_5639175754,BRONZE
NA1_5634490162,PLATINUM
NA1_5637605055,GOLD
NA1_5636479409,CHALLENGER
NA1_5636989696,DIAMOND
NA1_5638419383,MASTER
NA1_5635893489,GRANDMASTER
NA1_5639133616,GOLD
NA1_5635495647,IRON
NA1_5637898955,CHALLENGER
NA1_5633718187,IRON
NA1_5633296930,GRANDMASTER
NA1_5636879825,IRON
NA1_5639212674,GOLD
NA1_5634337499,PLATINUM
NA1_5633915153,CHALLENGER
NA1_5636320242,GRANDMASTER
NA1_5638631104,DIAMOND
NA1_5636164024,DIAMOND
NA1_5638976301,MASTER
NA1_5635643320,BRONZE
NA1_5639197673,SILVER
NA1_5632024834,GOLD
NA1_5638663338,MASTER
NA1_5638817141,CHALLENGER
NA1_5632494004,IRON
NA1_5639077701,SILVER
NA1_5637766286,DIAMOND
NA1_5634127917,EMERALD
NA1_5636291896,DIAMOND
NA1_5629047675,EMERALD
NA1_5635538533,PLATINUM
NA1_5638644336,IRON
NA1_5633805086,SILVER
NA1_5635090888,BRONZE
NA1_5637550669,IRON
NA1_5636827841,GRANDMASTER
NA1_5632220858,EMERALD
NA1_5638624125,BRONZE
NA1_5638384692,MASTER
NA1_5639256845,DIAMOND
NA1_5635735036,BRONZE
NA1_5638780738,IRON
NA1_5639178375,PLATINUM
NA1_5631836643,DIAMOND
NA1_5637517224,PLATINUM
NA1_5638795926,MASTER
NA1_5639000219,PLATINUM
NA1_5633078541,BRONZE
NA1_5636059024,PLATINUM
NA1_5638725653,IRON
NA1_5635927113,MASTER
NA1_5638827858,MASTER
NA1_5637987421,PLATINUM
NA1_5638269709,GRANDMASTER
NA1_5636083145,GRANDMASTER
NA1_5637276152,MASTER
NA1_5633538026,BRONZE
NA1_5635322534,GOLD
NA1_5633401107,DIAMOND
NA1_5634118382,GOLD
NA1_5633619171,GOLD
NA1_5638742541,BRONZE
NA1_5639137843,CHALLENGER
NA1_5638827036,DIAMOND
NA1_5638900568,EMERALD
NA1_5637895387,MASTER
NA1_5630697223,DIAMOND
NA1_5634869428,BRONZE
NA1_5632456108,PLATINUM
NA1_5638622783,DIAMOND
NA1_5637241879,PLATINUM
NA1_5638754161,GRANDMASTER
NA1_5636890838,SILVER
NA1_5637373188,DIAMOND
NA1_5638387934,GOLD
NA1_5635262508,IRON
NA1_5638157725,GRANDMASTER
NA1_5638957055,SILVER
NA1_5639128106,BRONZE
NA1_5637350109,GOLD
NA1_5638122273,PLATINUM
NA1_5638480385,SILVER
NA1_5636265041,GRANDMASTER
NA1_5638011843,MASTER
NA1_5638700896,MASTER
NA1_5638527993,IRON
NA1_5639088562,MASTER
NA1_5636184790,GRANDMASTER
NA1_5630033728,DIAMOND
NA1_5633277073,GRANDMASTER
NA1_5638486616,BRONZE
NA1_5638207523,GRANDMASTER
NA1_5638529518,PLATINUM
NA1_5630533677,BRONZE
NA1_5638674056,CHALLENGER
NA1_5638227206,GRANDMASTER
NA1_5634810845,EMERALD
NA1_5630743364,BRONZE
NA1_5632143493,MASTER
NA1_5629562852,GRANDMASTER
NA1_5638443707,DIAMOND
NA1_5630240160,GRANDMASTER
NA1_5630009311,BRONZE
NA1_5638764783,BRONZE
NA1_5638708192,SILVER
NA1_5637653525,GOLD
NA1_5638722613,PLATINUM
NA1_5638722163,BRONZE
NA1_5637654858,MASTER
NA1_5637502178,GRANDMASTER
NA1_5633423292,DIAMOND
NA1_5635634626,GOLD
NA1_5633808334,SILVER
NA1_5633298269,EMERALD
NA1_5635443540,CHALLENGER
NA1_5633015802,BRONZE
NA1_5638514740,MASTER
NA1_5637682180,IRON
NA1_5639060183,GRANDMASTER
NA1_5636845292,SILVER
NA1_5638642618,IRON
NA1_5638137735,DIAMOND
NA1_5632282753,PLATINUM
NA1_5633490108,BRONZE
NA1_5632873200,DIAMOND
NA1_5631018459,GOLD
NA1_5637386749,GRANDMASTER
NA1_5636909778,GOLD
NA1_5636724704,BRONZE
NA1_5635606964,EMERALD
NA1_5637539771,GOLD
NA1_5638951388,GOLD
NA1_5634286904,GOLD
NA1_5635908634,SILVER
NA1_5629959329,EMERALD
NA1_5635535693,DIAMOND
NA1_5639251425,PLATINUM
NA1_5636829912,SILVER
NA1_5634959628,DIAMOND
NA1_5638142808,GRANDMASTER
NA1_5637415226,BRONZE
NA1_5638400785,GOLD
NA1_5634576583,EMERALD
NA1_5636625553,DIAMOND
NA1_5630179915,IRON
NA1_5638302866,GRANDMASTER
NA1_5631274432,SILVER
NA1_5638187890,MASTER
NA1_5638318591,PLATINUM
NA1_5637626243,IRON
NA1_5637308495,GRANDMASTER
NA1_5638270393,DIAMOND
NA1_5638947952,PLATINUM
NA1_5629527586,PLATINUM
NA1_5638503032,IRON
NA1_5637530264,BRONZE
NA1_5637730159,MASTER
NA1_5632462879,SILVER
NA1_5638606803,DIAMOND
NA1_5637333868,SILVER
NA1_5630442703,BRONZE
NA1_5632696045,DIAMOND
NA1_5638460334,BRONZE
NA1_5638174302,IRON
NA1_5637821177,EMERALD
NA1_5635196016,GOLD
NA1_5638625926,BRONZE
NA1_5630799962,SILVER
NA1_5628890817,DIAMOND
NA1_5637623002,GRANDMASTER
NA1_5637294204,DIAMOND
NA1_5631469869,SILVER
NA1_5638962629,PLATINUM
NA1_5638850542,EMERALD
NA1_5638908875,MASTER
NA1_5636519887,EMERALD
NA1_5636347091,IRON
NA1_5631741270,DIAMOND
NA1_5639168817,MASTER
NA1_5638460066,GRANDMASTER
NA1_5638902711,PLATINUM
NA1_5636531032,DIAMOND
NA1_5634070331,MASTER
NA1_5632276131,BRONZE
NA1_5632015553,SILVER
NA1_5638445025,IRON
NA1_5637788370,BRONZE
NA1_5638156193,GRANDMASTER
NA1_5633812722,GOLD
NA1_5638583380,IRON
NA1_5633117166,MASTER
NA1_5637631789,CHALLENGER
NA1_5638771164,IRON
NA1_5629446050,GOLD
NA1_5631407516,PLATINUM
NA1_5636391744,IRON
NA1_5637625222,MASTER
NA1_5635402421,GRANDMASTER
NA1_5637946040,IRON
NA1_5637714320,SILVER
NA1_5635647739,IRON
NA1_5635472739,CHALLENGER
NA1_5636254964,IRON
NA1_5638674797,BRONZE
NA1_5638565873,BRONZE
NA1_5634335283,GRANDMASTER
NA1_5637621387,MASTER
NA1_5633870275,GOLD
NA1_5639171609,GRANDMASTER
NA1_5636729090,DIAMOND
NA1_5636803325,SILVER
NA1_5637990702,SILVER
NA1_5629874328,PLATINUM
NA1_5639166411,EMERALD
NA1_5638279398,GRANDMASTER
NA1_5634653715,CHALLENGER
NA1_5638017386,MASTER
NA1_5638288746,DIAMOND
NA1_5639243581,GOLD
NA1_5639072385,CHALLENGER
NA1_5637643201,SILVER
NA1_5637866379,PLATINUM
NA1_5636986785,BRONZE
NA1_5632754545,GOLD
NA1_5632367281,GRANDMASTER
NA1_5638611698,PLATINUM
NA1_5633457135,PLATINUM
NA1_5635099042,PLATINUM
NA1_5639136449,GOLD
NA1_5631186916,DIAMOND
NA1_5637650839,GRANDMASTER
NA1_5629871107,IRON
NA1_5638957369,IRON
NA1_5636559267,PLATINUM
NA1_5636110185,DIAMOND
NA1_5638759798,BRONZE
NA1_5638001004,GRANDMASTER
NA1_5631421054,EMERALD
NA1_5638022126,MASTER
NA1_5638924752,MASTER
NA1_5634064038,EMERALD
NA1_5637806635,BRONZE
NA1_5635492985,CHALLENGER
NA1_5636654113,EMERALD
NA1_5637742761,CHALLENGER
NA1_5637147775,SILVER
NA1_5632961400,BRONZE
NA1_5639120000,GRANDMASTER
NA1_5630862257,BRONZE
NA1_5632633796,PLATINUM
NA1_5637635561,MASTER
NA1_5635201875,GOLD
NA1_5637688866,GOLD
NA1_5631036581,SILVER
NA1_5639032376,MASTER
NA1_5630749809,BRONZE
NA1_5633702970,IRON
NA1_5631620272,MASTER
NA1_5630039554,MASTER
NA1_5633203235,IRON
NA1_5637329725,MASTER
NA1_5630381222,GOLD
NA1_5632664707,DIAMOND
NA1_5637933170,SILVER
NA1_5637681380,MASTER
NA1_5636248354,IRON
NA1_5632654953,DIAMOND
NA1_5635401465,GOLD
NA1_5633907291,EMERALD
NA1_5631339525,SILVER
NA1_5630255136,EMERALD
NA1_5638323160,EMERALD
NA1_5636702132,CHALLENGER
NA1_5635432276,GOLD
NA1_5637226743,BRONZE
NA1_5636307176,IRON
NA1_5633235999,DIAMOND
NA1_5635116462,GOLD
NA1_5639250702,GRANDMASTER
NA1_5636002012,GOLD
NA1_5638630791,PLATINUM
NA1_5629141020,IRON
NA1_5638998006,GOLD
NA1_5629456435,CHALLENGER
NA1_5637088658,EMERALD
NA1_5639170953,PLATINUM
NA1_5638066902,IRON
NA1_5638676727,GOLD
NA1_5636870368,GRANDMASTER
NA1_5639206979,GRANDMASTER
NA1_5638844916,MASTER
NA1_5638283066,GRANDMASTER
NA1_5638996495,GOLD
NA1_5638169426,DIAMOND
NA1_5637485032,EMERALD
NA1_5637689407,MASTER
NA1_5639206854,PLATINUM
NA1_5635870110,SILVER
NA1_5638546436,IRON
NA1_5637129894,CHALLENGER
NA1_5638894613,PLATINUM
NA1_5637839301,BRONZE
NA1_5638241204,MASTER
NA1_5637297465,GOLD
NA1_5637979581,BRONZE
NA1_5635918360,MASTER
NA1_5636042029,EMERALD
NA1_5630496001,EMERALD
NA1_5636152688,PLATINUM
NA1_5638616969,GRANDMASTER
NA1_5631519721,BRONZE
NA1_5638876605,GRANDMASTER
NA1_5634139128,PLATINUM
NA1_5629284785,BRONZE
NA1_5638349084,BRONZE
NA1_5633505804,BRONZE
NA1_5639096457,GOLD
NA1_5638099465,DIAMOND
NA1_5638303062,MASTER
NA1_5639167037,DIAMOND
NA1_5632824863,EMERALD
NA1_5633563576,PLATINUM
NA1_5635776178,IRON
NA1_5635454370,IRON
NA1_5637509176,IRON
NA1_5638300516,SILVER
NA1_5639238874,GRANDMASTER
NA1_5639012867,SILVER
NA1_5638374363,MASTER
NA1_5638927686,PLATINUM
NA1_5637255888,IRON
NA1_5638900376,GOLD
NA1_5638644707,GOLD
NA1_5639031418,PLATINUM
NA1_5639146575,SILVER
NA1_5629987589,SILVER
NA1_5636257800,IRON
NA1_5633897361,MASTER
NA1_5633493402,GRANDMASTER
NA1_5638935088,DIAMOND
NA1_5635528612,SILVER
NA1_5636597216,EMERALD
NA1_5630726295,MASTER
NA1_5629653942,EMERALD
NA1_5635308803,CHALLENGER
NA1_5636296995,BRONZE
NA1_5639187756,DIAMOND
NA1_5639186759,SILVER
NA1_5633349512,SILVER
NA1_5638711996,GRANDMASTER
NA1_5638130035,SILVER
NA1_5635159003,MASTER
NA1_5638482144,IRON
NA1_5634490856,EMERALD
NA1_5639085428,DIAMOND
NA1_5638530519,EMERALD
NA1_5639219794,PLATINUM
NA1_5638203814,MASTER
NA1_5637822662,CHALLENGER
NA1_5638634084,BRONZE
NA1_5638341254,PLATINUM
NA1_5635271833,CHALLENGER
NA1_5630526976,GRANDMASTER
NA1_5639254967,GRANDMASTER
NA1_5638663430,MASTER
NA1_5637270654,DIAMOND
NA1_5638645058,MASTER
NA1_5638313364,MASTER
NA1_5638662198,MASTER
NA1_5633698235,DIAMOND
NA1_5633587852,GOLD
NA1_5637019844,BRONZE
NA1_5634662693,GOLD
NA1_5632000694,GRANDMASTER
NA1_5638722741,GRANDMASTER
NA1_5637914417,PLATINUM
NA1_5638403810,IRON
NA1_5639091905,IRON
NA1_5639145731,DIAMOND
NA1_5633290748,GOLD
NA1_5637045826,PLATINUM
NA1_5638156436,IRON
NA1_5633653882,SILVER
NA1_5639025904,MASTER
NA1_5637447384,DIAMOND
NA1_5638769094,IRON
NA1_5632614151,DIAMOND
NA1_5637049379,SILVER
NA1_5638850610,EMERALD
NA1_5631859834,IRON
NA1_5636077538,CHALLENGER
NA1_5639220806,SILVER
NA1_5630526234,SILVER
NA1_5632026545,DIAMOND
NA1_5637158352,DIAMOND
NA1_5634732888,MASTER
NA1_5633009204,EMERALD
NA1_5635600218,IRON
NA1_5636438571,BRONZE
NA1_5639041553,DIAMOND
NA1_5629802161,PLATINUM
NA1_5637802000,MASTER
NA1_5636659319,PLATINUM
NA1_5637597631,MASTER
NA1_5638744155,BRONZE
NA1_5635945517,EMERALD
NA1_5634416868,GOLD
NA1_5633674650,DIAMOND
NA1_5638486840,SILVER
NA1_5637145302,MASTER
NA1_5630060359,IRON
NA1_5637434626,DIAMOND
NA1_5638198361,EMERALD
NA1_5638469508,GRANDMASTER
NA1_5639118933,GOLD
NA1_5637439452,GRANDMASTER
NA1_5638719232,GOLD
NA1_5636029351,GRANDMASTER
NA1_5639234079,GRANDMASTER
NA1_5629909102,MASTER
NA1_5631159852,CHALLENGER
NA1_5635422283,EMERALD
NA1_5633434373,DIAMOND
NA1_5634735973,CHALLENGER
NA1_5636801190,PLATINUM
NA1_5638892941,BRONZE
NA1_5639133666,GRANDMASTER
NA1_5634327626,BRONZE
NA1_5638949709,BRONZE
NA1_5637623913,CHALLENGER
NA1_5634098140,IRON
NA1_5638260823,BRONZE
NA1_5634673783,GRANDMASTER
NA1_5637858492,DIAMOND
NA1_5638144609,GRANDMASTER
NA1_5632010076,BRONZE
NA1_5629605928,MASTER
NA1_5635017881,BRONZE
NA1_5638254565,MASTER
NA1_5635302172,BRONZE
NA1_5637957476,EMERALD
NA1_5637419945,GRANDMASTER
NA1_5639082810,IRON
NA1_5638900220,EMERALD
NA1_5638912361,SILVER
NA1_5631496225,CHALLENGER
NA1_5639251921,GRANDMASTER
NA1_5638127406,EMERALD
NA1_5638987098,DIAMOND
NA1_5634423961,CHALLENGER
NA1_5631483536,BRONZE
NA1_5632854432,IRON
NA1_5639094299,EMERALD
NA1_5631512779,MASTER
NA1_5635594591,BRONZE
NA1_5635605769,GOLD
NA1_5631662408,PLATINUM
NA1_5638160439,GRANDMASTER
NA1_5639211246,PLATINUM
NA1_5629647361,SILVER
NA1_5632927298,EMERALD
NA1_5634839191,DIAMOND
NA1_5638945429,CHALLENGER
NA1_5638243566,CHALLENGER
NA1_5629747767,PLATINUM
NA1_5639026650,SILVER
NA1_5637161691,GRANDMASTER
NA1_5635764991,SILVER
NA1_5638406013,GRANDMASTER
NA1_5638773347,SILVER
NA1_5632794989,PLATINUM
NA1_5638260843,PLATINUM
NA1_5628755388,GRANDMASTER
NA1_5637487550,DIAMOND
NA1_5636728399,GOLD
NA1_5631850409,IRON
NA1_5638304195,BRONZE
NA1_5638053725,GRANDMASTER
NA1_5638903467,GRANDMASTER
NA1_5634652810,EMERALD
NA1_5633103197,GOLD
NA1_5636130283,IRON
NA1_5639159328,EMERALD
NA1_5637810199,PLATINUM
NA1_5630062622,MASTER
NA1_5639174272,DIAMOND
NA1_5631586431,MASTER
NA1_5635372937,EMERALD
NA1_5631512310,EMERALD
NA1_5637797920,PLATINUM
NA1_5638363351,BRONZE
NA1_5637871655,DIAMOND
NA1_5635672289,GRANDMASTER
NA1_5634094691,GOLD
NA1_5638833178,DIAMOND
NA1_5638541809,SILVER
NA1_5629191497,DIAMOND
NA1_5635447745,GRANDMASTER
NA1_5638218493,MASTER
NA1_5638851134,IRON
NA1_5638608272,IRON
NA1_5635419245,CHALLENGER
NA1_5632774098,SILVER
NA1_5639196237,PLATINUM
NA1_5634741192,EMERALD
NA1_5637695797,BRONZE
NA1_5631882980,PLATINUM
NA1_5638365676,EMERALD
NA1_5632299326,DIAMOND
NA1_5635058736,CHALLENGER
NA1_5632065473,PLATINUM
NA1_5639122696,BRONZE
NA1_5638562770,BRONZE
NA1_5638439089,PLATINUM
NA1_5639067753,EMERALD
NA1_5628814930,PLATINUM
NA1_5631980048,EMERALD
NA1_5632178056,EMERALD
NA1_5637292740,CHALLENGER
NA1_5636819074,IRON
NA1_5633405043,GRANDMASTER
NA1_5632854321,MASTER
NA1_5637877598,EMERALD
NA1_5630695116,BRONZE
NA1_5635703346,SILVER
NA1_5638793440,DIAMOND
NA1_5638407966,BRONZE
NA1_5636030538,PLATINUM
NA1_5636216689,CHALLENGER
NA1_5631430306,GRANDMASTER
NA1_5637149878,GOLD
NA1_5638263572,PLATINUM
NA1_5635524058,IRON
NA1_5638934792,IRON
NA1_5638963064,GRANDMASTER
NA1_5635690983,SILVER
NA1_5631802819,DIAMOND
NA1_5639072606,BRONZE
NA1_5632262277,IRON
NA1_5638500950,PLATINUM
NA1_5638915979,PLATINUM
NA1_5634118881,CHALLENGER
NA1_5638116574,GRANDMASTER
NA1_5637585433,PLATINUM
NA1_5638800801,GOLD
NA1_5638271954,MASTER
NA1_5637129049,GOLD
NA1_5637137652,IRON
NA1_5630050059,DIAMOND
NA1_5639131186,SILVER
NA1_5634270693,PLATINUM
NA1_5638021468,PLATINUM
NA1_5638593183,EMERALD
NA1_5633581259,PLATINUM
NA1_5638827141,EMERALD
NA1_5637973359,SILVER
NA1_5633677472,GRANDMASTER
NA1_5639245883,GRANDMASTER
NA1_5638327523,SILVER
NA1_5628982731,EMERALD
NA1_5636499831,SILVER
NA1_5636749407,IRON
NA1_5638260738,GRANDMASTER
NA1_5637140449,EMERALD
NA1_5637626949,BRONZE
NA1_5639098823,GOLD
NA1_5632028686,DIAMOND
NA1_5634490310,EMERALD
NA1_5638835205,GOLD
NA1_5635302895,SILVER
NA1_5628762158,GRANDMASTER
NA1_5638640747,GOLD
NA1_5636498511,GOLD
NA1_5632675707,BRONZE
NA1_5639098120,GOLD
NA1_5638796272,IRON
NA1_5631918036,DIAMOND
NA1_5628975875,MASTER
NA1_5638844011,DIAMOND
NA1_5629036740,DIAMOND
NA1_5639053807,EMERALD
NA1_5632136314,EMERALD
NA1_5630732199,SILVER
NA1_5635949424,CHALLENGER
NA1_5637284176,GOLD
NA1_5638622808,BRONZE
NA1_5638666069,MASTER
NA1_5631779872,PLATINUM
NA1_5638990510,GRANDMASTER
NA1_5634061729,PLATINUM
NA1_5637859281,GOLD
NA1_5634599553,PLATINUM
NA1_5631231974,BRONZE
NA1_5635474084,PLATINUM
NA1_5635912423,MASTER
NA1_5637223191,CHALLENGER
NA1_5638274150,IRON
NA1_5639130516,BRONZE
NA1_5633269800,PLATINUM
NA1_5631076954,PLATINUM
NA1_5629308145,GOLD
NA1_5637206454,CHALLENGER
NA1_5638029843,PLATINUM
NA1_5638134182,GRANDMASTER
NA1_5638060617,IRON
NA1_5636848616,GRANDMASTER
NA1_5635421133,IRON
NA1_5634161425,CHALLENGER
NA1_5639012510,SILVER
NA1_5638658270,EMERALD
NA1_5638680219,EMERALD
NA1_5631070341,SILVER
NA1_5637582753,IRON
NA1_5633726691,BRONZE
NA1_5637850981,IRON
NA1_5637196518,MASTER
NA1_5631315068,GRANDMASTER
NA1_5636758020,CHALLENGER
NA1_5632995293,EMERALD
NA1_5638230725,MASTER
NA1_5639130145,EMERALD
NA1_5635547778,IRON
NA1_5635999353,BRONZE
NA1_5638852806,BRONZE
NA1_5636910311,MASTER
NA1_5633465513,GOLD
NA1_5637153183,MASTER
NA1_5639010523,GRANDMASTER
NA1_5637354804,IRON
NA1_5638408693,GRANDMASTER
NA1_5638644057,EMERALD
NA1_5639211348,SILVER
NA1_5637073107,GRANDMASTER
NA1_5634421050,GOLD
NA1_5637704295,MASTER
NA1_5638445677,BRONZE
NA1_5638364209,GRANDMASTER
NA1_5630169204,BRONZE
NA1_5638233309,DIAMOND
NA1_5637308437,EMERALD
NA1_5635650955,DIAMOND
NA1_5636160702,SILVER
NA1_5638349183,DIAMOND
NA1_5638495804,EMERALD
NA1_5638565443,GOLD
NA1_5637778362,GRANDMASTER
NA1_5635471529,IRON
NA1_5634615110,SILVER
NA1_5639179652,SILVER
NA1_5639218396,MASTER
NA1_5638995439,BRONZE
NA1_5636627149,GOLD
NA1_5634180278,CHALLENGER
NA1_5638673824,GRANDMASTER
NA1_5636459819,IRON
NA1_5638312569,EMERALD
NA1_5637447295,CHALLENGER
NA1_5638572090,BRONZE
NA1_5639146443,GRANDMASTER
NA1_5639114613,SILVER
NA1_5637207444,MASTER
NA1_5635161162,PLATINUM
NA1_5628805823,BRONZE
NA1_5637694869,SILVER
NA1_5638671159,GRANDMASTER
NA1_5636481362,EMERALD
NA1_5635909725,IRON
NA1_5639004578,BRONZE
NA1_5636669871,GOLD
NA1_5638189385,BRONZE
NA1_5636778862,MASTER
NA1_5637964408,PLATINUM
NA1_5632956593,DIAMOND
NA1_5637542896,EMERALD
NA1_5638246800,SILVER
NA1_5635056540,BRONZE
NA1_5637762760,PLATINUM
NA1_5629787623,EMERALD
NA1_5638135537,GRANDMASTER
NA1_5638933487,EMERALD
NA1_5634092445,EMERALD
NA1_5630183023,DIAMOND
NA1_5636659620,BRONZE
NA1_5637892614,IRON
NA1_5639022278,MASTER
NA1_5634599797,PLATINUM
NA1_5629391624,IRON
NA1_5633837300,SILVER
NA1_5636964346,DIAMOND
NA1_5631869311,CHALLENGER
NA1_5633962566,BRONZE
NA1_5631399486,IRON
NA1_5629805605,GOLD
NA1_5639230413,DIAMOND
NA1_5637698324,SILVER
NA1_5637470567,GRANDMASTER
NA1_5639037124,GOLD
NA1_5639176532,GOLD
NA1_5635765249,EMERALD
NA1_5637413315,IRON
NA1_5630757658,BRONZE
NA1_5638643785,PLATINUM
NA1_5637989603,CHALLENGER
NA1_5639106526,DIAMOND
NA1_5637250796,GOLD
NA1_5638901127,DIAMOND
NA1_5639231768,SILVER
NA1_5638745807,GRANDMASTER
NA1_5630378729,GRANDMASTER
NA1_5635283478,BRONZE
NA1_5636267338,DIAMOND
NA1_5632465372,IRON
NA1_5639125138,GRANDMASTER
NA1_5634742223,SILVER
NA1_5635586186,GOLD
NA1_5635743840,GRANDMASTER
NA1_5635182386,GOLD
NA1_5638937331,SILVER
NA1_5638616790,PLATINUM
NA1_5629510774,GRANDMASTER
NA1_5638487568,DIAMOND
NA1_5638574030,EMERALD
NA1_5638355371,EMERALD
NA1_5636590604,MASTER
NA1_5637414816,IRON
NA1_5636155879,PLATINUM
NA1_5634044062,DIAMOND
NA1_5629221963,EMERALD
NA1_5637592544,PLATINUM
NA1_5630497450,GOLD
NA1_5631559154,GOLD
NA1_5637177822,GRANDMASTER
NA1_5638202785,SILVER
NA1_5635603601,BRONZE
NA1_5637223202,MASTER
NA1_5638895696,DIAMOND
NA1_5633598087,GOLD
NA1_5639146740,BRONZE
NA1_5637926963,GOLD
NA1_5629167046,GOLD
NA1_5631848663,GOLD
NA1_5638047535,SILVER
NA1_5636002659,CHALLENGER
NA1_5638844809,SILVER
NA1_5633656906,GRANDMASTER
NA1_5638586011,PLATINUM
NA1_5639012285,GRANDMASTER
NA1_5636146707,GRANDMASTER
NA1_5632572243,DIAMOND
NA1_5633432473,GRANDMASTER
NA1_5638045520,GOLD
NA1_5639061241,BRONZE
NA1_5637292942,IRON
NA1_5635724955,BRONZE
NA1_5637166934,GOLD
NA1_5638838773,MASTER
NA1_5629069496,MASTER
NA1_5638098451,CHALLENGER
NA1_5638947787,IRON
NA1_5631352662,SILVER
NA1_5637537351,GOLD
NA1_5638522979,IRON
NA1_5638565753,MASTER
NA1_5638675001,PLATINUM
NA1_5636835137,EMERALD
NA1_5637744623,DIAMOND
NA1_5638846326,EMERALD
NA1_5633137415,EMERALD
NA1_5638926972,MASTER
NA1_5638815672,SILVER
NA1_5637036510,GRANDMASTER
NA1_5631337826,PLATINUM
NA1_5630898049,BRONZE
NA1_5634053989,PLATINUM
NA1_5637881442,MASTER
NA1_5637282404,PLATINUM
NA1_5631162580,GOLD
NA1_5638826968,EMERALD
NA1_5630762527,BRONZE
NA1_5638826716,GRANDMASTER
NA1_5638957661,GOLD
NA1_5638857178,IRON
NA1_5631192669,BRONZE
NA1_5635659698,GOLD
NA1_5639169296,SILVER
NA1_5636891192,GRANDMASTER
NA1_5636831143,GRANDMASTER
NA1_5638474203,PLATINUM
NA1_5633081991,BRONZE
NA1_5638766299,DIAMOND
NA1_5630802206,IRON
NA1_5635246592,CHALLENGER
NA1_5632815365,EMERALD
NA1_5638083598,DIAMOND
NA1_5638419620,EMERALD
NA1_5632075126,EMERALD
NA1_5638116314,MASTER
NA1_5632512886,GOLD
NA1_5633924510,MASTER
NA1_5637271641,IRON
NA1_5633059665,IRON
NA1_5638871469,DIAMOND
NA1_5635782121,IRON
NA1_5638399457,EMERALD
NA1_5637460422,EMERALD
NA1_5638077358,EMERALD
NA1_5636250740,IRON
NA1_5637523483,DIAMOND
NA1_5639075462,GOLD
NA1_5636737691,BRONZE
NA1_5638538765,BRONZE
NA1_5631510632,EMERALD
NA1_5635617841,EMERALD
NA1_5638235512,GRANDMASTER
NA1_5636376190,SILVER
NA1_5637535251,BRONZE
NA1_5636736504,CHALLENGER
NA1_5638147496,EMERALD
NA1_5633439219,BRONZE
NA1_5636910999,EMERALD
NA1_5634997595,PLATINUM
NA1_5637420017,IRON
NA1_5629821170,IRON
NA1_5637415766,EMERALD
NA1_5637244925,EMERALD
NA1_5638728248,CHALLENGER
NA1_5638517977,MASTER
NA1_5637182055,MASTER
NA1_5637154217,SILVER
NA1_5638610868,PLATINUM
NA1_5637874485,EMERALD
NA1_5632461618,MASTER
NA1_5638979826,MASTER
NA1_5638716614,DIAMOND
NA1_5633739102,CHALLENGER
NA1_5637543764,MASTER
NA1_5638742759,GRANDMASTER
NA1_5638660278,GRANDMASTER
NA1_5639128348,DIAMOND
NA1_5638741916,GRANDMASTER
NA1_5636547645,MASTER
NA1_5639045007,PLATINUM
NA1_5638202200,BRONZE
NA1_5634004430,EMERALD
NA1_5638185908,PLATINUM
NA1_5638334821,IRON
NA1_5636599452,CHALLENGER
NA1_5638282150,GRANDMASTER
NA1_5636476473,GOLD
NA1_5638680653,PLATINUM
NA1_5635613441,GOLD
NA1_5631390828,MASTER
NA1_5639106289,BRONZE
NA1_5637452994,CHALLENGER
NA1_5630501337,BRONZE
NA1_5635063980,CHALLENGER
NA1_5630484185,SILVER
NA1_5637362289,PLATINUM
NA1_5638996698,EMERALD
NA1_5633271024,MASTER
NA1_5632268725,BRONZE
NA1_5637414052,DIAMOND
NA1_5636332991,EMERALD
NA1_5638555848,DIAMOND
NA1_5639117598,GRANDMASTER
NA1_5639226302,DIAMOND
NA1_5638389311,DIAMOND
NA1_5638749268,IRON
NA1_5635015464,PLATINUM
NA1_5636828052,PLATINUM
NA1_5637198990,MASTER
NA1_5638297680,PLATINUM
NA1_5636804236,PLATINUM
NA1_5635421201,EMERALD
NA1_5633315117,CHALLENGER
NA1_5635753453,IRON
NA1_5638347006,PLATINUM
NA1_5630500691,SILVER
NA1_5638369121,PLATINUM
NA1_5635717568,SILVER
NA1_5631927925,DIAMOND
NA1_5632176005,CHALLENGER
NA1_5636733833,EMERALD
NA1_5637211541,DIAMOND
NA1_5630407876,DIAMOND
NA1_5632481639,IRON
NA1_5638884179,DIAMOND
NA1_5630113148,DIAMOND
NA1_5637923322,GOLD
NA1_5638912888,EMERALD
NA1_5637869228,EMERALD
NA1_5635883065,GRANDMASTER
NA1_5638904195,BRONZE
NA1_5637870363,CHALLENGER
NA1_5638841637,IRON
NA1_5632446875,CHALLENGER
NA1_5639188986,MASTER
NA1_5638714567,GOLD
NA1_5630686132,SILVER
NA1_5629219073,PLATINUM
NA1_5637940081,PLATINUM
NA1_5631806223,SILVER
NA1_5633161269,DIAMOND
NA1_5629259204,BRONZE
NA1_5637676608,EMERALD
NA1_5631718547,BRONZE
NA1_5638991646,GOLD
NA1_5638229831,GRANDMASTER
NA1_5639070311,DIAMOND
NA1_5637775307,BRONZE
NA1_5637175127,DIAMOND
NA1_5636790018,GOLD
NA1_5637613197,MASTER
NA1_5637986119,DIAMOND
NA1_5635106208,DIAMOND
NA1_5637337014,GOLD
NA1_5636270473,PLATINUM
NA1_5638391130,PLATINUM
NA1_5636309982,PLATINUM
NA1_5638821045,BRONZE
NA1_5629949607,SILVER
NA1_5638046013,MASTER
NA1_5635170290,SILVER
NA1_5637737253,BRONZE
NA1_5638911134,SILVER
NA1_5636382056,IRON
NA1_5630102118,GOLD
NA1_5639222403,DIAMOND
NA1_5638257056,PLATINUM
NA1_5631476002,SILVER
NA1_5630346738,GRANDMASTER
NA1_5628839179,CHALLENGER
NA1_5635820463,DIAMOND
NA1_5636178530,GRANDMASTER
NA1_5637502896,DIAMOND
NA1_5638956329,EMERALD
NA1_5639042241,EMERALD
NA1_5636728501,MASTER
NA1_5639225522,SILVER
NA1_5637854147,IRON
NA1_5634699058,BRONZE
NA1_5634974209,GRANDMASTER
NA1_5634010013,DIAMOND
NA1_5631375850,DIAMOND
NA1_5638744681,GRANDMASTER
NA1_5639255296,MASTER
NA1_5630609181,GRANDMASTER
NA1_5638144251,DIAMOND
NA1_5629483513,EMERALD
NA1_5634264972,GRANDMASTER
NA1_5639154332,MASTER
NA1_5632867719,CHALLENGER
NA1_5631491248,GRANDMASTER
NA1_5638483548,GRANDMASTER
NA1_5635648517,GRANDMASTER
NA1_5636798260,DIAMOND
NA1_5637608986,DIAMOND
NA1_5638077040,IRON
NA1_5629482166,GRANDMASTER
NA1_5632048492,EMERALD
NA1_5637865770,PLATINUM
NA1_5636149271,GRANDMASTER
NA1_5638991718,GOLD
NA1_5636290616,DIAMOND
NA1_5638014710,DIAMOND
NA1_5631228019,GOLD
NA1_5638941224,SILVER
NA1_5634851801,PLATINUM
NA1_5638721446,BRONZE
NA1_5635582098,BRONZE
NA1_5638965433,DIAMOND
NA1_5634959738,IRON
NA1_5628737548,BRONZE
NA1_5637983531,DIAMOND
NA1_5637792127,IRON
NA1_5631921416,MASTER
NA1_5637276294,IRON
NA1_5638342952,PLATINUM
NA1_5639025819,SILVER
NA1_5631249166,DIAMOND
NA1_5632275677,PLATINUM
NA1_5635632553,EMERALD
NA1_5632924317,EMERALD
NA1_5638074606,IRON
NA1_5638342475,GRANDMASTER
NA1_5637640430,EMERALD
NA1_5638622956,IRON
NA1_5637138321,GRANDMASTER
NA1_5636955738,EMERALD
NA1_5638075497,PLATINUM
NA1_5630658544,GOLD
NA1_5638079659,SILVER
NA1_5639194634,BRONZE
NA1_5635077287,IRON
NA1_5636236236,CHALLENGER
NA1_5638104888,BRONZE
NA1_5634543973,PLATINUM
NA1_5638286022,DIAMOND
NA1_5638899807,CHALLENGER
NA1_5637364425,DIAMOND
NA1_5634678893,BRONZE
NA1_5635381675,IRON
NA1_5639076801,MASTER
NA1_5636167411,EMERALD
NA1_5638575672,BRONZE
NA1_5638009041,BRONZE
NA1_5638442529,EMERALD
NA1_5637191970,IRON
NA1_5633311173,PLATINUM
NA1_5630383663,GOLD
NA1_5638710865,GOLD
NA1_5631662789,GOLD
NA1_5638808775,GOLD
NA1_5637538917,EMERALD
NA1_5638392513,EMERALD
NA1_5638835317,SILVER
NA1_5633449932,IRON
NA1_5634464159,PLATINUM
NA1_5632097689,PLATINUM
NA1_5636017368,CHALLENGER
NA1_5639206485,MASTER
NA1_5638154015,CHALLENGER
NA1_5638432137,MASTER
NA1_5636355630,IRON
NA1_5637872862,DIAMOND
NA1_5633795221,SILVER
NA1_5638254009,GRANDMASTER
NA1_5638815117,IRON
NA1_5637440442,IRON
NA1_5638967778,EMERALD
NA1_5633366487,DIAMOND
NA1_5638127395,EMERALD
NA1_5629284727,DIAMOND
NA1_5639179685,EMERALD
NA1_5637392049,GRANDMASTER
NA1_5632772521,GRANDMASTER
NA1_5639084891,IRON
NA1_5636578726,DIAMOND
NA1_5638622354,EMERALD
NA1_5638852334,IRON
NA1_5636671536,SILVER
NA1_5637257892,GRANDMASTER
NA1_5639042913,GRANDMASTER
NA1_5636863454,EMERALD
NA1_5635915542,PLATINUM
NA1_5638101903,CHALLENGER
NA1_5638229599,MASTER
NA1_5629931706,MASTER
NA1_5638559693,EMERALD
NA1_5637994485,CHALLENGER
NA1_5637379455,GRANDMASTER
NA1_5636113528,MASTER
NA1_5638909902,GOLD
NA1_5638665811,GRANDMASTER
NA1_5638361295,CHALLENGER
NA1_5638524579,SILVER
NA1_5639189528,GRANDMASTER
NA1_5630184303,GOLD
NA1_5636091565,MASTER
NA1_5635757788,GOLD
NA1_5637400827,CHALLENGER
NA1_5632458219,CHALLENGER
NA1_5636864812,GOLD
NA1_5629982070,DIAMOND
NA1_5635658153,GOLD
NA1_5637211504,PLATINUM
NA1_5631810824,SILVER
NA1_5630083678,PLATINUM
NA1_5634316438,SILVER
NA1_5638897431,IRON
NA1_5639066569,DIAMOND
NA1_5635786530,GRANDMASTER
NA1_5638157387,MASTER
NA1_5637958414,MASTER
NA1_5636964780,IRON
NA1_5632106548,MASTER
NA1_5638615142,DIAMOND
NA1_5636806817,MASTER
NA1_5636937924,SILVER
NA1_5632792600,MASTER
NA1_5637859886,IRON
NA1_5631534590,GOLD
NA1_5638960569,GRANDMASTER
NA1_5638837697,BRONZE
NA1_5637818976,EMERALD
NA1_5638592414,EMERALD
NA1_5635224302,GOLD
NA1_5630796615,GRANDMASTER
NA1_5636345426,GOLD
NA1_5638405828,GOLD
NA1_5629546626,PLATINUM
NA1_5638980087,BRONZE
NA1_5632908141,GRANDMASTER
NA1_5635831424,SILVER
NA1_5638259623,EMERALD
NA1_5639196373,GRANDMASTER
NA1_5638424803,DIAMOND
NA1_5635489855,GOLD
NA1_5639223260,PLATINUM
NA1_5638342892,SILVER
NA1_5636880293,DIAMOND
NA1_5629089309,PLATINUM
NA1_5631547462,SILVER
NA1_5638643862,GOLD
NA1_5638836098,GOLD
NA1_5635524367,GRANDMASTER
NA1_5637989671,SILVER
NA1_5638798996,MASTER
NA1_5631710337,BRONZE
NA1_5633602734,SILVER
NA1_5638949332,GRANDMASTER
NA1_5633968389,DIAMOND
NA1_5638984318,SILVER
NA1_5632775716,GOLD
NA1_5637642397,DIAMOND
NA1_5638695040,DIAMOND
NA1_5638575398,IRON
NA1_5637833539,GRANDMASTER
NA1_5636996290,MASTER
NA1_5636835966,GRANDMASTER
NA1_5638658576,BRONZE
NA1_5638731070,CHALLENGER
NA1_5638409977,SILVER
NA1_5638076839,EMERALD
NA1_5638723036,DIAMOND
NA1_5639169594,SILVER
NA1_5633700046,MASTER
NA1_5638481911,BRONZE
NA1_5638608150,IRON
NA1_5634899398,GRANDMASTER
NA1_5631205355,DIAMOND
NA1_5638429674,EMERALD
NA1_5638990787,GRANDMASTER
NA1_5632529931,GOLD
NA1_5637590034,SILVER
NA1_5637453487,DIAMOND
NA1_5636996317,BRONZE
NA1_5629558699,DIAMOND
NA1_5638201490,GRANDMASTER
NA1_5637522608,CHALLENGER
NA1_5638261926,GRANDMASTER
NA1_5639082890,PLATINUM
NA1_5634768222,GOLD
NA1_5636020539,DIAMOND
NA1_5635696309,GRANDMASTER
NA1_5631991924,MASTER
NA1_5636901597,PLATINUM
NA1_5638991410,SILVER
NA1_5634992115,PLATINUM
NA1_5630684804,MASTER
NA1_5638621958,GOLD
NA1_5635243318,IRON
NA1_5630244519,IRON
NA1_5635311332,SILVER
NA1_5635280618,GRANDMASTER
NA1_5637005692,GRANDMASTER
NA1_5638617999,DIAMOND
NA1_5638614543,IRON
NA1_5635864684,CHALLENGER
NA1_5629117506,SILVER
NA1_5633890276,GOLD
NA1_5637033810,IRON
NA1_5637114144,GRANDMASTER
NA1_5634958105,BRONZE
NA1_5638787461,GRANDMASTER
NA1_5638918277,EMERALD
NA1_5638767363,GRANDMASTER
NA1_5639094330,PLATINUM
NA1_5638161875,DIAMOND
NA1_5638432979,GOLD
NA1_5638213292,GRANDMASTER
NA1_5638093071,IRON
NA1_5637326580,DIAMOND
NA1_5638847565,SILVER
NA1_5638974639,IRON
NA1_5639184714,GRANDMASTER
NA1_5636192246,SILVER
NA1_5639163982,EMERALD
NA1_5629188384,BRONZE
NA1_5639001736,EMERALD
NA1_5638165692,BRONZE
NA1_5634522269,SILVER
NA1_5637112403,IRON
NA1_5633220657,PLATINUM
NA1_5631047668,SILVER
NA1_5638379756,MASTER
NA1_5630269814,DIAMOND
NA1_5633221781,BRONZE
NA1_5638475204,IRON
NA1_5637199338,SILVER
NA1_5634698494,CHALLENGER
NA1_5638936668,SILVER
NA1_5638105646,MASTER
NA1_5639155152,PLATINUM
NA1_5632852053,PLATINUM
NA1_5629213052,MASTER
NA1_5637305579,GOLD
NA1_5631071415,DIAMOND
NA1_5638933534,BRONZE
NA1_5637663134,SILVER
NA1_5637633102,GOLD
NA1_5638328483,MASTER
NA1_5638692415,EMERALD
NA1_5637382827,PLATINUM
NA1_5631651559,GOLD
NA1_5633110893,MASTER
NA1_5637727846,IRON
NA1_5634822730,GRANDMASTER
NA1_5633269917,IRON
NA1_5638964521,CHALLENGER
NA1_5635255590,BRONZE
NA1_5636944512,BRONZE
NA1_5638638358,IRON
NA1_5637921229,GOLD
NA1_5637570069,GRANDMASTER
NA1_5632786104,PLATINUM
NA1_5638653468,IRON
NA1_5638190649,EMERALD
NA1_5630025102,DIAMOND
NA1_5635562185,BRONZE
NA1_5636495155,IRON
NA1_5638785127,MASTER
NA1_5636287924,PLATINUM
NA1_5635377261,BRONZE
NA1_5634626803,EMERALD
NA1_5638753044,IRON
NA1_5634669133,EMERALD
NA1_5633749644,BRONZE
NA1_5639213407,DIAMOND
NA1_5634737713,PLATINUM
NA1_5638311500,MASTER
NA1_5638573897,PLATINUM
NA1_5639132116,MASTER
NA1_5637439438,SILVER
NA1_5633036149,SILVER
NA1_5629774516,EMERALD
NA1_5637367779,BRONZE
NA1_5632019723,BRONZE
NA1_5638600653,SILVER
NA1_5635658458,EMERALD
NA1_5636302626,EMERALD
NA1_5632030445,PLATINUM
NA1_5634603096,IRON
NA1_5638075527,CHALLENGER
NA1_5630071183,MASTER
NA1_5639079916,IRON
NA1_5637965312,GOLD
NA1_5638265894,GRANDMASTER
NA1_5630070050,BRONZE
NA1_5639017199,IRON
NA1_5639213935,PLATINUM
NA1_5636003251,EMERALD
NA1_5634748184,GRANDMASTER
NA1_5637654239,EMERALD
NA1_5635906048,MASTER
NA1_5635567229,MASTER
NA1_5636951158,GOLD
NA1_5629123898,GOLD
NA1_5634237219,GRANDMASTER
NA1_5632936302,EMERALD
NA1_5633301314,PLATINUM
NA1_5636642596,BRONZE
NA1_5635075393,IRON
NA1_5636676334,DIAMOND
NA1_5635222448,SILVER
NA1_5638909735,PLATINUM
NA1_5636654196,CHALLENGER
NA1_5638482278,SILVER
NA1_5635731847,GRANDMASTER
NA1_5636285535,GOLD
NA1_5638228587,EMERALD
NA1_5638692674,GOLD
NA1_5635680266,EMERALD
NA1_5634253185,SILVER
NA1_5638027066,MASTER
NA1_5629468582,MASTER
NA1_5631466333,PLATINUM
NA1_5630111314,DIAMOND
NA1_5637815565,SILVER
NA1_5637852491,GOLD
NA1_5638003658,SILVER
NA1_5638348465,EMERALD
NA1_5638512314,EMERALD
NA1_5638898109,DIAMOND
NA1_5637734281,EMERALD
NA1_5629967109,PLATINUM
NA1_5637759304,DIAMOND
NA1_5638120074,GRANDMASTER
NA1_5639070152,PLATINUM
NA1_5635755728,GRANDMASTER
NA1_5630973629,GOLD
NA1_5631810538,BRONZE
NA1_5631788445,PLATINUM
NA1_5635403456,BRONZE
NA1_5636848640,MASTER
NA1_5637226790,MASTER
NA1_5630608778,GOLD
NA1_5638706998,CHALLENGER
NA1_5637872005,MASTER
NA1_5637669243,MASTER
NA1_5638768934,DIAMOND
NA1_5632637119,GOLD
NA1_5635414391,BRONZE
NA1_5637660968,BRONZE
NA1_5639250632,EMERALD
NA1_5631989982,BRONZE
NA1_5638359642,MASTER
NA1_5636433271,DIAMOND
NA1_5629739312,GOLD
NA1_5629256376,GOLD
NA1_5638947303,GRANDMASTER
NA1_5639166865,GOLD
NA1_5631683103,PLATINUM
NA1_5636587779,BRONZE
NA1_5638462565,BRONZE
NA1_5635722736,GRANDMASTER
NA1_5638797151,SILVER
NA1_5638637858,BRONZE
NA1_5638798419,GOLD
NA1_5638341130,DIAMOND
NA1_5638135054,DIAMOND
NA1_5632150418,GOLD
NA1_5636100879,MASTER
NA1_5638544414,GOLD
NA1_5631897104,IRON
NA1_5637882319,CHALLENGER
NA1_5638976613,IRON
NA1_5637258766,GOLD
NA1_5636095971,GRANDMASTER
NA1_5638862473,BRONZE
NA1_5638535083,GOLD
NA1_5638686019,GOLD
NA1_5639256952,GOLD
NA1_5633592349,CHALLENGER
NA1_5638845920,PLATINUM
NA1_5637860197,CHALLENGER
NA1_5639188914,EMERALD
NA1_5637640000,DIAMOND
NA1_5639230934,GRANDMASTER
NA1_5638421556,DIAMOND
NA1_5638147403,EMERALD
NA1_5639076618,GOLD
NA1_5638765686,GRANDMASTER
NA1_5636440812,CHALLENGER
NA1_5636252304,CHALLENGER
NA1_5637247084,MASTER
NA1_5638629625,IRON
NA1_5637518211,SILVER
NA1_5635784078,DIAMOND
NA1_5638520633,PLATINUM
NA1_5636567228,GRANDMASTER
NA1_5631590576,DIAMOND
NA1_5632772562,PLATINUM
NA1_5638592247,EMERALD
NA1_5638513927,GRANDMASTER
NA1_5638779098,GOLD
NA1_5638295854,MASTER
NA1_5631377321,IRON
NA1_5638932335,EMERALD
NA1_5630104247,DIAMOND
NA1_5632639578,PLATINUM
NA1_5635670607,EMERALD
NA1_5637607779,EMERALD
NA1_5635024526,PLATINUM
NA1_5629499194,GRANDMASTER
NA1_5638273871,PLATINUM
NA1_5635877567,PLATINUM
NA1_5637751435,IRON
NA1_5636825376,GRANDMASTER
NA1_5639061416,EMERALD
NA1_5638354254,GOLD
NA1_5638102740,GOLD
NA1_5635929069,IRON
NA1_5636166163,PLATINUM
NA1_5630134169,DIAMOND
NA1_5639186337,MASTER
NA1_5636905102,GRANDMASTER
NA1_5637529696,SILVER
NA1_5628990123,PLATINUM
NA1_5638869457,GRANDMASTER
NA1_5638880918,GOLD
NA1_5639075704,EMERALD
NA1_5629772294,BRONZE
NA1_5638095070,SILVER
NA1_5638940159,GOLD
NA1_5631865481,PLATINUM
NA1_5630313808,EMERALD
NA1_5634768417,GOLD
NA1_5638364820,GRANDMASTER
NA1_5634629667,SILVER
NA1_5638623701,BRONZE
NA1_5638882695,CHALLENGER
NA1_5630961039,GOLD
NA1_5636372388,IRON
NA1_5633502948,DIAMOND
NA1_5638476765,BRONZE
NA1_5634532492,IRON
NA1_5635312398,GOLD
NA1_5638975234,BRONZE
NA1_5634491681,GOLD
NA1_5638905760,GRANDMASTER
NA1_5631843546,BRONZE
NA1_5632069552,EMERALD
NA1_5635941682,CHALLENGER
NA1_5639156631,GRANDMASTER
NA1_5638737153,BRONZE
NA1_5629013270,GOLD
NA1_5629167342,IRON
NA1_5637570234,IRON
NA1_5636058202,EMERALD
NA1_5636687103,GOLD
NA1_5629076667,SILVER
NA1_5637034677,MASTER
NA1_5636655983,GRANDMASTER
NA1_5639048773,EMERALD
NA1_5636124240,MASTER
NA1_5628792908,PLATINUM
NA1_5634533491,IRON
NA1_5639159754,GRANDMASTER
NA1_5638412517,BRONZE
NA1_5637752862,IRON
NA1_5638985231,PLATINUM
NA1_5634072986,PLATINUM
NA1_5636814761,CHALLENGER
NA1_5632011705,EMERALD
NA1_5636444619,GOLD
NA1_5637498562,MASTER
NA1_5635851652,CHALLENGER
NA1_5635689931,SILVER
NA1_5638700056,IRON
NA1_5638872814,CHALLENGER
NA1_5637675242,SILVER
NA1_5634785784,GRANDMASTER
NA1_5639180072,PLATINUM
NA1_5638358699,BRONZE
NA1_5637948746,PLATINUM
NA1_5636962584,GOLD
NA1_5636404336,BRONZE
NA1_5638945252,IRON
NA1_5638688878,IRON
NA1_5635342492,CHALLENGER
NA1_5638231350,GRANDMASTER
NA1_5639106357,BRONZE
NA1_5638962871,PLATINUM
NA1_5638941264,MASTER
NA1_5636034544,CHALLENGER
NA1_5637517311,PLATINUM
NA1_5638078774,BRONZE
NA1_5631815636,PLATINUM
NA1_5639085364,GOLD
NA1_5634531099,PLATINUM
NA1_5638787341,PLATINUM
NA1_5637823830,BRONZE
NA1_5636815938,GOLD
NA1_5637580281,BRONZE
NA1_5637505515,GOLD
NA1_5636251312,CHALLENGER
NA1_5637604485,MASTER
NA1_5639211439,PLATINUM
NA1_5637777254,PLATINUM
NA1_5633319386,PLATINUM
NA1_5635191244,GRANDMASTER
NA1_5639246349,DIAMOND
NA1_5637582986,EMERALD
NA1_5629716639,MASTER
NA1_5639023104,DIAMOND
NA1_5639024453,SILVER
NA1_5635675302,DIAMOND
NA1_5634927097,MASTER
NA1_5637914422,DIAMOND
NA1_5630301392,EMERALD
NA1_5636213469,DIAMOND
NA1_5636756500,CHALLENGER
NA1_5639114756,DIAMOND
NA1_5638117255,GRANDMASTER
NA1_5639238467,EMERALD
NA1_5635460852,BRONZE
NA1_5638166690,PLATINUM
NA1_5638887535,GRANDMASTER
NA1_5638243565,GOLD
NA1_5630226484,PLATINUM
NA1_5637772571,IRON
NA1_5637973730,GOLD
NA1_5630717409,BRONZE
NA1_5636730705,CHALLENGER
NA1_5637685262,MASTER
NA1_5637084327,GRANDMASTER
NA1_5638742448,GOLD
NA1_5633268190,PLATINUM
NA1_5639197209,SILVER
NA1_5634009343,IRON
NA1_5638225495,DIAMOND
NA1_5637916443,GOLD
NA1_5631601500,IRON
NA1_5637816046,SILVER
NA1_5632201920,BRONZE
NA1_5636857659,SILVER
NA1_5638230232,BRONZE
NA1_5639088844,GRANDMASTER
NA1_5638815920,SILVER
NA1_5637042503,MASTER
NA1_5632647163,SILVER
NA1_5633720163,GOLD
NA1_5636545896,DIAMOND
NA1_5637572633,MASTER
NA1_5631281512,MASTER
NA1_5637051117,PLATINUM
NA1_5636956778,PLATINUM
NA1_5639243499,GRANDMASTER
NA1_5633770125,GOLD
NA1_5638026537,MASTER
NA1_5635452244,DIAMOND
NA1_5638165446,PLATINUM
NA1_5638777304,SILVER
NA1_5637021211,CHALLENGER
NA1_5638618121,GRANDMASTER
NA1_5638788027,GRANDMASTER
NA1_5639138735,MASTER
NA1_5638717949,PLATINUM
NA1_5635030041,CHALLENGER
NA1_5637673656,DIAMOND
NA1_5636948960,CHALLENGER
NA1_5629617597,EMERALD
NA1_5630024441,GOLD
NA1_5631444042,SILVER
NA1_5638812038,SILVER
NA1_5632661195,GOLD
NA1_5633789062,EMERALD
NA1_5635986591,EMERALD
NA1_5637368903,MASTER
NA1_5632239289,SILVER
NA1_5632020525,SILVER
NA1_5629740483,DIAMOND
NA1_5637446205,EMERALD
NA1_5638764437,GOLD
NA1_5638592477,GRANDMASTER
NA1_5633450418,EMERALD
NA1_5637516711,MASTER
NA1_5639067317,MASTER
NA1_5636800553,BRONZE
NA1_5636844636,EMERALD
NA1_5639179338,SILVER
NA1_5638507116,GOLD
NA1_5636097544,IRON
NA1_5631420056,GOLD
NA1_5637027476,IRON
NA1_5636744202,BRONZE
NA1_5637717993,BRONZE
NA1_5638953832,PLATINUM
NA1_5632489077,PLATINUM
NA1_5639230152,PLATINUM
NA1_5638747839,DIAMOND
NA1_5633890584,MASTER
NA1_5639005059,GRANDMASTER
NA1_5637255055,EMERALD
NA1_5635845071,EMERALD
NA1_5634941509,CHALLENGER
NA1_5638410221,BRONZE
NA1_5637412080,PLATINUM
NA1_5637307765,IRON
NA1_5635253476,DIAMOND
NA1_5637821116,EMERALD
NA1_5638861060,IRON
NA1_5638846559,MASTER
NA1_5638574960,BRONZE
NA1_5638836891,SILVER
NA1_5637202881,DIAMOND
NA1_5632481539,GOLD
NA1_5634853963,CHALLENGER
NA1_5635963511,IRON
NA1_5638387753,SILVER
NA1_5637476435,GRANDMASTER
NA1_5631104741,PLATINUM
NA1_5635261000,DIAMOND
NA1_5639077351,MASTER
NA1_5639182408,PLATINUM
NA1_5638718688,BRONZE
NA1_5631054255,PLATINUM
NA1_5632539413,SILVER
NA1_5637277847,MASTER
NA1_5633603916,PLATINUM
NA1_5637692354,BRONZE
NA1_5636069630,IRON
NA1_5636246223,MASTER
NA1_5631632713,GOLD
NA1_5633660915,CHALLENGER
NA1_5637199167,PLATINUM
NA1_5637138192,GRANDMASTER
NA1_5638824315,PLATINUM
NA1_5634834626,MASTER
NA1_5632475881,GOLD
NA1_5638588742,IRON
NA1_5628798021,MASTER
NA1_5634499406,GOLD
NA1_5630781855,SILVER
NA1_5633389832,DIAMOND
NA1_5635692511,SILVER
NA1_5630182073,SILVER
NA1_5633282367,PLATINUM
NA1_5638899344,SILVER
NA1_5634277773,IRON
NA1_5632223680,MASTER
NA1_5634535653,SILVER
NA1_5639241260,MASTER
NA1_5638177425,GRANDMASTER
NA1_5638501427,PLATINUM
NA1_5638350734,EMERALD
NA1_5637122890,GRANDMASTER
NA1_5634110077,DIAMOND
NA1_5638737870,IRON
NA1_5637189167,EMERALD
NA1_5635974698,MASTER
NA1_5637454663,SILVER
NA1_5638194533,EMERALD
NA1_5637369053,GOLD
NA1_5629084230,IRON
NA1_5636148193,PLATINUM
NA1_5630195374,PLATINUM
NA1_5633250247,CHALLENGER
NA1_5637342443,MASTER
NA1_5637749418,SILVER
NA1_5638409956,DIAMOND
NA1_5635281403,MASTER
NA1_5638534181,GOLD
NA1_5638643819,GOLD
NA1_5635217252,CHALLENGER
NA1_5638244222,EMERALD
NA1_5638818768,SILVER
NA1_5636778861,GRANDMASTER
NA1_5630707543,IRON
NA1_5638218739,SILVER
NA1_5634621876,EMERALD
NA1_5638484068,DIAMOND
NA1_5639165973,PLATINUM
NA1_5630828854,SILVER
NA1_5636291487,CHALLENGER
NA1_5639209611,PLATINUM
NA1_5639090902,PLATINUM
NA1_5638451767,GRANDMASTER
NA1_5634785050,MASTER
NA1_5630091913,GOLD
NA1_5638706032,IRON
NA1_5631147435,CHALLENGER
NA1_5634890916,MASTER
NA1_5629654758,EMERALD
NA1_5638631368,GOLD
NA1_5629737145,GRANDMASTER
NA1_5638704388,IRON
NA1_5639240889,PLATINUM
NA1_5636704454,MASTER
NA1_5637392701,MASTER
NA1_5637899367,BRONZE
NA1_5637699720,DIAMOND
NA1_5634962440,PLATINUM
NA1_5636484782,CHALLENGER
NA1_5639179079,BRONZE
NA1_5634355101,MASTER
NA1_5638867087,MASTER
NA1_5638267645,MASTER
NA1_5634571142,SILVER
NA1_5637826624,GRANDMASTER
NA1_5638876688,CHALLENGER
NA1_5636992975,DIAMOND
NA1_5631394730,SILVER
NA1_5637259087,EMERALD
NA1_5638841575,CHALLENGER
NA1_5631936147,BRONZE
NA1_5637640524,GRANDMASTER
NA1_5638489737,BRONZE
NA1_5637410412,IRON
NA1_5630386277,EMERALD
NA1_5636654903,PLATINUM
NA1_5638232305,EMERALD
NA1_5632957256,EMERALD
NA1_5633028832,GOLD
NA1_5637047110,BRONZE
NA1_5639114421,EMERALD
NA1_5637838298,BRONZE
NA1_5631544330,DIAMOND
NA1_5638385879,MASTER
NA1_5638726914,GOLD
NA1_5638219810,MASTER
NA1_5634722545,GOLD
NA1_5637562073,BRONZE
NA1_5637776142,BRONZE
NA1_5637607343,MASTER
NA1_5637877292,GRANDMASTER
NA1_5637159214,SILVER
NA1_5637158436,MASTER
NA1_5638091003,BRONZE
NA1_5638391342,EMERALD
NA1_5629897886,BRONZE
NA1_5637406815,GRANDMASTER
NA1_5639026211,CHALLENGER
NA1_5638368286,MASTER
NA1_5639069575,BRONZE
NA1_5634295251,MASTER
NA1_5638675247,IRON
NA1_5632556555,BRONZE
NA1_5638565247,PLATINUM
NA1_5636513239,BRONZE
NA1_5635466898,DIAMOND
NA1_5634978275,SILVER
NA1_5628744815,GRANDMASTER
NA1_5630306791,GRANDMASTER
NA1_5637854683,PLATINUM
NA1_5638801116,DIAMOND
NA1_5635562314,MASTER
NA1_5638377950,IRON
NA1_5638153171,GRANDMASTER
NA1_5630587252,BRONZE
NA1_5638043521,MASTER
NA1_5638308890,DIAMOND
NA1_5631898780,SILVER
NA1_5636175665,SILVER
NA1_5635469891,PLATINUM
NA1_5638170450,GRANDMASTER
NA1_5638342905,GOLD
NA1_5636756244,MASTER
NA1_5629986698,PLATINUM
NA1_5639007490,EMERALD
NA1_5638882460,GOLD
NA1_5635559832,GOLD
NA1_5629098543,SILVER
NA1_5629383575,EMERALD
NA1_5634733205,EMERALD
NA1_5637647843,GOLD
NA1_5639011647,DIAMOND
NA1_5635861747,MASTER
NA1_5633952529,GRANDMASTER
NA1_5631896203,PLATINUM
NA1_5629611415,MASTER
NA1_5637383018,SILVER
NA1_5638482903,GOLD
NA1_5637120163,GRANDMASTER
NA1_5639037602,GRANDMASTER
NA1_5636346646,CHALLENGER
NA1_5633336456,BRONZE
NA1_5639197092,GOLD
NA1_5638587512,MASTER
NA1_5638225823,GRANDMASTER
NA1_5635262091,PLATINUM
NA1_5638549974,IRON
NA1_5638531573,CHALLENGER
NA1_5635047860,BRONZE
NA1_5638948244,EMERALD
NA1_5638668694,EMERALD
NA1_5638611934,DIAMOND
NA1_5638874695,SILVER
NA1_5638210128,BRONZE
NA1_5638306261,BRONZE
NA1_5638184262,IRON
NA1_5639173987,DIAMOND
NA1_5632257436,DIAMOND
NA1_5638876256,EMERALD
NA1_5636970112,GRANDMASTER
NA1_5636846991,CHALLENGER
NA1_5637421307,BRONZE
NA1_5636092812,SILVER
NA1_5632105041,MASTER
NA1_5637425178,BRONZE
NA1_5637556805,DIAMOND
NA1_5636958479,IRON
NA1_5636999695,DIAMOND
NA1_5638286017,PLATINUM
NA1_5638966172,DIAMOND
NA1_5638617642,GOLD
NA1_5631799659,BRONZE
NA1_5638551587,IRON
NA1_5637719878,IRON
NA1_5632213450,DIAMOND
NA1_5638050400,CHALLENGER
NA1_5638867778,BRONZE
NA1_5637016924,IRON
NA1_5637292515,GOLD
NA1_5639055262,BRONZE
NA1_5636360671,MASTER
NA1_5638037443,GRANDMASTER
NA1_5638851681,BRONZE
NA1_5639023242,GRANDMASTER
NA1_5637939371,GOLD
NA1_5631886570,GOLD
NA1_5631882829,GOLD
NA1_5638336598,EMERALD
NA1_5639236664,GOLD
NA1_5635854318,CHALLENGER
NA1_5635290828,GRANDMASTER
NA1_5638371294,BRONZE
NA1_5636008873,CHALLENGER
NA1_5639133939,BRONZE
NA1_5638525313,SILVER
NA1_5635711511,SILVER
NA1_5637809686,EMERALD
NA1_5639170069,GRANDMASTER
NA1_5637697442,MASTER
NA1_5638888550,EMERALD
NA1_5638331288,EMERALD
NA1_5632432512,SILVER
NA1_5637969012,PLATINUM
NA1_5638379633,SILVER
NA1_5631684050,MASTER
NA1_5633434119,DIAMOND
NA1_5638681495,SILVER
NA1_5639220961,GRANDMASTER
NA1_5637420760,MASTER
NA1_5635643527,IRON
NA1_5629157434,IRON
NA1_5638734473,PLATINUM
NA1_5637637687,IRON
NA1_5630463499,SILVER
NA1_5630038984,IRON
NA1_5632747624,PLATINUM
NA1_5638964139,CHALLENGER
NA1_5634139070,DIAMOND
NA1_5636535642,MASTER
NA1_5638279585,MASTER
NA1_5632993477,BRONZE
NA1_5634572095,SILVER
NA1_5638930483,GRANDMASTER
NA1_5635245702,SILVER
NA1_5633835674,EMERALD
NA1_5638512054,EMERALD
NA1_5638131697,EMERALD
NA1_5629251767,BRONZE
NA1_5636809282,GRANDMASTER
NA1_5635373945,DIAMOND
NA1_5639096407,BRONZE
NA1_5635429745,SILVER
NA1_5638987162,PLATINUM
NA1_5632845802,DIAMOND
NA1_5638684560,SILVER
NA1_5638739034,PLATINUM
NA1_5638889201,EMERALD
NA1_5635924926,GOLD
NA1_5636417526,MASTER
NA1_5632513911,GOLD
NA1_5638641362,GRANDMASTER
NA1_5630051389,GOLD
NA1_5637269011,CHALLENGER
NA1_5639113937,GOLD
NA1_5638806937,EMERALD
NA1_5636563411,DIAMOND
NA1_5636747102,IRON
NA1_5638810322,GRANDMASTER
NA1_5639160997,EMERALD
NA1_5637384649,MASTER
NA1_5637580458,MASTER
NA1_5639222525,GOLD
NA1_5637253600,EMERALD
NA1_5630852306,CHALLENGER
NA1_5631159914,SILVER
NA1_5639025528,EMERALD
NA1_5639152915,EMERALD
NA1_5630988309,MASTER
NA1_5637436316,CHALLENGER
NA1_5637046046,BRONZE
NA1_5637552631,MASTER
NA1_5635309048,EMERALD
NA1_5630364092,DIAMOND
NA1_5633598416,SILVER
NA1_5634118910,PLATINUM
NA1_5638845023,BRONZE
NA1_5635696807,SILVER
NA1_5638154510,SILVER
NA1_5637886365,SILVER
NA1_5638608797,DIAMOND
NA1_5637673471,IRON
NA1_5634309388,PLATINUM
NA1_5638601237,GOLD
NA1_5639133109,BRONZE
NA1_5633198753,BRONZE
NA1_5635603397,DIAMOND
NA1_5638748466,MASTER
NA1_5637534845,MASTER
NA1_5638037501,PLATINUM
NA1_5637648103,EMERALD
NA1_5635602913,BRONZE
NA1_5638186151,GOLD
NA1_5636656350,SILVER
NA1_5634438793,CHALLENGER
NA1_5636966685,BRONZE
NA1_5638645634,EMERALD
NA1_5635906402,EMERALD
NA1_5638798012,EMERALD
NA1_5637405115,GRANDMASTER
NA1_5634908702,CHALLENGER
NA1_5638690059,EMERALD
NA1_5634451279,SILVER
NA1_5638089801,GOLD
NA1_5636411494,GOLD
NA1_5635316082,CHALLENGER
NA1_5637939687,SILVER
NA1_5637526628,MASTER
NA1_5635673803,GOLD
NA1_5634823825,PLATINUM
NA1_5635982524,IRON
NA1_5629609050,EMERALD
NA1_5631546833,GOLD
NA1_5635412392,DIAMOND
NA1_5637625096,GRANDMASTER
NA1_5639129017,MASTER
NA1_5638924618,BRONZE
NA1_5638191551,BRONZE
NA1_5638960186,EMERALD
NA1_5632966369,SILVER
NA1_5638886485,IRON
NA1_5636386122,GRANDMASTER
NA1_5639159210,DIAMOND
NA1_5638172671,PLATINUM
NA1_5635710592,IRON
NA1_5628771100,SILVER
NA1_5630079108,SILVER
NA1_5634582597,DIAMOND
NA1_5628837978,BRONZE
NA1_5633445463,EMERALD
NA1_5635880913,EMERALD
NA1_5632774723,SILVER
NA1_5635755052,BRONZE
NA1_5631935171,PLATINUM
NA1_5638085190,GRANDMASTER
NA1_5635343617,PLATINUM
NA1_5629085038,GOLD
NA1_5637093699,SILVER
NA1_5633012468,SILVER
NA1_5634933930,GRANDMASTER
NA1_5638612659,GRANDMASTER
NA1_5638939572,PLATINUM
NA1_5636253735,GOLD
NA1_5638752694,SILVER
NA1_5639236641,SILVER
NA1_5630349042,GOLD
NA1_5638939930,IRON
NA1_5636503627,BRONZE
NA1_5638876332,SILVER
NA1_5638015241,MASTER
NA1_5638840649,DIAMOND
NA1_5630705998,MASTER
NA1_5637397901,DIAMOND
NA1_5635213305,BRONZE
NA1_5634997773,BRONZE
NA1_5633849340,SILVER
NA1_5637905449,EMERALD
NA1_5633386442,EMERALD
NA1_5638959902,DIAMOND
NA1_5630574273,DIAMOND
NA1_5638664435,MASTER
NA1_5638595472,BRONZE
NA1_5638794514,MASTER
NA1_5639157519,DIAMOND
NA1_5638687258,IRON
NA1_5636701720,GOLD
NA1_5639119388,GRANDMASTER
NA1_5637015374,IRON
NA1_5638253538,EMERALD
NA1_5632055202,GOLD
NA1_5638644519,IRON
NA1_5633368821,EMERALD
NA1_5638795887,MASTER
NA1_5632593424,MASTER
NA1_5636586283,PLATINUM
NA1_5636789030,SILVER
NA1_5638721778,GRANDMASTER
NA1_5630208847,SILVER
NA1_5631898873,DIAMOND
NA1_5638295073,SILVER
NA1_5638661203,EMERALD
NA1_5634856617,GRANDMASTER
NA1_5630955118,BRONZE
NA1_5636412914,GRANDMASTER
NA1_5639197865,SILVER
NA1_5633531784,IRON
NA1_5632336783,PLATINUM
NA1_5635559476,GRANDMASTER
NA1_5639072018,PLATINUM
NA1_5638253011,IRON
NA1_5630417900,GRANDMASTER
NA1_5638340971,EMERALD
NA1_5639203710,DIAMOND
NA1_5639136330,EMERALD
NA1_5631652631,GOLD
NA1_5637021537,DIAMOND
NA1_5637017405,EMERALD
NA1_5636651800,GOLD
NA1_5634757493,PLATINUM
NA1_5635564009,EMERALD
NA1_5635706147,GRANDMASTER
NA1_5637294092,CHALLENGER
NA1_5633998138,GRANDMASTER
NA1_5638126136,CHALLENGER
NA1_5636165629,DIAMOND
NA1_5628936484,IRON
NA1_5634823892,BRONZE
NA1_5637894380,PLATINUM
NA1_5631971358,BRONZE
NA1_5639217630,MASTER
NA1_5633958878,EMERALD
NA1_5632800324,IRON
NA1_5632813414,EMERALD
NA1_5638330898,GOLD
NA1_5638840068,GOLD
NA1_5635570984,CHALLENGER
NA1_5637397229,EMERALD
NA1_5638789578,MASTER
NA1_5638725680,DIAMOND
NA1_5637407879,SILVER
NA1_5637824493,DIAMOND
NA1_5638650512,EMERALD
NA1_5637980424,SILVER
NA1_5638112526,GRANDMASTER
NA1_5629691818,BRONZE
NA1_5636443203,EMERALD
NA1_5631465551,CHALLENGER
NA1_5637366174,GRANDMASTER
NA1_5634811781,MASTER
NA1_5636178792,BRONZE
NA1_5631021734,PLATINUM
NA1_5637923636,DIAMOND
NA1_5629904644,GOLD
NA1_5635977137,GRANDMASTER
NA1_5637071361,CHALLENGER
NA1_5638342769,GOLD
NA1_5636235418,IRON
NA1_5638535202,SILVER
NA1_5638666281,PLATINUM
NA1_5639254960,GOLD
NA1_5630969343,SILVER
NA1_5638484961,EMERALD
NA1_5638587458,PLATINUM
NA1_5636745671,PLATINUM
NA1_5638746043,BRONZE
NA1_5629995585,CHALLENGER
NA1_5638624610,IRON
NA1_5638783562,GOLD
NA1_5637958577,DIAMOND
NA1_5638604167,GRANDMASTER
NA1_5638217368,IRON
NA1_5639178472,CHALLENGER
NA1_5637598514,MASTER
NA1_5629091169,SILVER
NA1_5631346191,BRONZE
NA1_5637076316,MASTER
NA1_5638334903,CHALLENGER
NA1_5638614105,DIAMOND
NA1_5635578278,EMERALD
NA1_5638434470,CHALLENGER
NA1_5638520578,DIAMOND
NA1_5639240165,GOLD
NA1_5632516479,SILVER
NA1_5633484502,EMERALD
NA1_5634139698,CHALLENGER
NA1_5638303724,GRANDMASTER
NA1_5638229976,BRONZE
NA1_5638095924,CHALLENGER
NA1_5630034598,MASTER
NA1_5636744606,SILVER
NA1_5638269918,PLATINUM
NA1_5629557386,EMERALD
NA1_5638250288,GOLD
NA1_5637748014,DIAMOND
NA1_5636047148,GOLD
NA1_5638726388,CHALLENGER
NA1_5636341466,CHALLENGER
NA1_5638914090,CHALLENGER
NA1_5639096191,CHALLENGER
NA1_5636995390,MASTER
NA1_5637338355,GRANDMASTER
NA1_5639047214,GRANDMASTER
NA1_5629661440,BRONZE
NA1_5638214028,CHALLENGER
NA1_5639247625,SILVER
NA1_5637327886,IRON
NA1_5638497076,IRON
NA1_5633215670,BRONZE
NA1_5636558156,GOLD
NA1_5638857653,SILVER
NA1_5634176745,CHALLENGER
NA1_5632814248,SILVER
NA1_5633255638,BRONZE
NA1_5638855007,GRANDMASTER
NA1_5635493952,SILVER
NA1_5635332958,GOLD
NA1_5635549191,EMERALD
NA1_5635609534,EMERALD
NA1_5632598638,PLATINUM
NA1_5636369048,BRONZE
NA1_5638593707,GOLD
NA1_5636046788,DIAMOND
NA1_5634559751,EMERALD
NA1_5638007765,DIAMOND
NA1_5638090553,SILVER
NA1_5634113517,SILVER
NA1_5638723490,MASTER
NA1_5636771670,PLATINUM
NA1_5639214021,GOLD
NA1_5636828862,EMERALD
NA1_5639164855,BRONZE
NA1_5638851248,IRON
NA1_5638993762,EMERALD
NA1_5638060885,GOLD
NA1_5633133360,PLATINUM
NA1_5638768452,MASTER
NA1_5638968495,IRON
NA1_5632866871,IRON
NA1_5638611907,GRANDMASTER
NA1_5635015720,PLATINUM
NA1_5638824856,IRON
NA1_5636239978,GOLD
NA1_5637870826,MASTER
NA1_5636399050,SILVER
NA1_5637947221,MASTER
NA1_5633606773,PLATINUM
NA1_5634641791,EMERALD
NA1_5631255999,SILVER
NA1_5638947495,EMERALD
NA1_5636796930,CHALLENGER
NA1_5638797811,BRONZE
NA1_5631494167,EMERALD
NA1_5636534913,IRON
NA1_5637910250,GRANDMASTER
NA1_5637207300,BRONZE
NA1_5632737711,BRONZE
NA1_5635721089,BRONZE
NA1_5638868610,IRON
NA1_5637500167,GRANDMASTER
NA1_5638444991,BRONZE
NA1_5638814681,GRANDMASTER
NA1_5631013092,PLATINUM
NA1_5639119576,SILVER
NA1_5637244976,BRONZE
NA1_5632169388,IRON
NA1_5637926919,PLATINUM
NA1_5636952740,BRONZE
NA1_5639149157,GRANDMASTER
NA1_5635753955,GOLD
NA1_5638464803,BRONZE
NA1_5636341835,SILVER
NA1_5636496386,PLATINUM
NA1_5639160744,DIAMOND
NA1_5638405209,CHALLENGER
NA1_5638761366,CHALLENGER
NA1_5636687917,MASTER
NA1_5634161988,MASTER
NA1_5638100163,PLATINUM
NA1_5634775532,GRANDMASTER
NA1_5635542188,BRONZE
NA1_5638824557,GRANDMASTER
NA1_5631306321,EMERALD
NA1_5628934844,PLATINUM
NA1_5636162777,GRANDMASTER
NA1_5637456910,IRON
NA1_5633743829,SILVER
NA1_5638973554,MASTER
NA1_5633614963,SILVER
NA1_5634704033,EMERALD
NA1_5638755976,GRANDMASTER
NA1_5636226495,PLATINUM
NA1_5633854108,CHALLENGER
NA1_5638119204,GRANDMASTER
NA1_5638703593,GOLD
NA1_5634142289,MASTER
NA1_5638795630,MASTER
NA1_5638989492,IRON
NA1_5637562741,EMERALD
NA1_5639231704,MASTER
NA1_5638768574,DIAMOND
NA1_5638583538,IRON
NA1_5631108195,CHALLENGER
NA1_5638683600,MASTER
NA1_5638706322,DIAMOND
NA1_5632831673,PLATINUM
NA1_5637559791,CHALLENGER
NA1_5631134664,IRON
NA1_5637977108,EMERALD
NA1_5637588066,SILVER
NA1_5638384912,EMERALD
NA1_5639163097,GOLD
NA1_5636956092,BRONZE
NA1_5638808387,EMERALD
NA1_5638495019,PLATINUM
NA1_5639124545,GRANDMASTER
NA1_5638046459,SILVER
NA1_5638372198,BRONZE
NA1_5635428269,GRANDMASTER
NA1_5638735146,SILVER
NA1_5637495782,CHALLENGER
NA1_5635606128,GRANDMASTER
NA1_5639135197,MASTER
NA1_5638859616,SILVER
NA1_5635102860,DIAMOND
NA1_5636251815,DIAMOND
NA1_5637815056,SILVER
NA1_5636066556,SILVER
NA1_5638797638,SILVER
NA1_5630899228,MASTER
NA1_5635948313,SILVER
NA1_5638971344,DIAMOND
NA1_5630036837,BRONZE
NA1_5635635890,IRON
NA1_5631118388,BRONZE
NA1_5639253071,PLATINUM
NA1_5639263889,GOLD
NA1_5634525150,CHALLENGER
NA1_5632726237,GOLD
NA1_5637446000,MASTER
NA1_5637472731,GRANDMASTER
NA1_5632372430,MASTER
NA1_5638384128,DIAMOND
NA1_5638797283,EMERALD
NA1_5634077244,GOLD
NA1_5636829019,BRONZE
NA1_5639241232,SILVER
NA1_5634479477,MASTER
NA1_5638869838,PLATINUM
NA1_5637533890,IRON
NA1_5638248094,MASTER
NA1_5634634808,IRON
NA1_5638630218,PLATINUM
NA1_5635048347,BRONZE
NA1_5637946958,EMERALD
NA1_5639102172,MASTER
NA1_5633045127,EMERALD
NA1_5636952379,EMERALD
NA1_5638747075,IRON
NA1_5635629861,IRON
NA1_5635575306,PLATINUM
NA1_5636622422,SILVER
NA1_5638376356,PLATINUM
NA1_5635164223,PLATINUM
NA1_5632466109,MASTER
NA1_5639138126,EMERALD
NA1_5637101155,CHALLENGER
NA1_5633344827,BRONZE
NA1_5637919529,MASTER
NA1_5638802753,SILVER
NA1_5636037826,BRONZE
NA1_5639147260,DIAMOND
NA1_5637688458,GRANDMASTER
NA1_5635229030,SILVER
NA1_5629180934,SILVER
NA1_5638919460,IRON
NA1_5629009070,MASTER
NA1_5628889551,IRON
NA1_5635826169,EMERALD
NA1_5639221946,SILVER
NA1_5635533721,IRON
NA1_5634289056,GRANDMASTER
NA1_5639202525,GOLD
NA1_5635517124,DIAMOND
NA1_5630793273,IRON
NA1_5631529577,DIAMOND
NA1_5638405927,GRANDMASTER
NA1_5629494698,GOLD
NA1_5636577864,GOLD
NA1_5633129279,MASTER
NA1_5638916559,SILVER
NA1_5637835547,GOLD
NA1_5639161853,SILVER
NA1_5632314077,MASTER
NA1_5639042717,BRONZE
NA1_5634628628,SILVER
NA1_5631693763,GOLD
NA1_5637896091,BRONZE
NA1_5634889838,MASTER
NA1_5633665407,CHALLENGER
NA1_5638934249,EMERALD
NA1_5638334195,GOLD
NA1_5634393858,BRONZE
NA1_5636628351,CHALLENGER
NA1_5639102467,SILVER
NA1_5629241240,BRONZE
NA1_5638848125,DIAMOND
NA1_5631791167,GOLD
NA1_5638668582,SILVER
NA1_5634541644,GRANDMASTER
NA1_5638595373,GRANDMASTER
NA1_5633866918,GRANDMASTER
NA1_5635459714,GOLD
NA1_5638995501,BRONZE
NA1_5629758517,BRONZE
NA1_5637078564,SILVER
NA1_5636112057,CHALLENGER
NA1_5639200900,GRANDMASTER
NA1_5629543074,GRANDMASTER
NA1_5633568201,IRON
NA1_5638871660,GRANDMASTER
NA1_5638200106,GRANDMASTER
NA1_5634648881,SILVER
NA1_5638815306,MASTER
NA1_5638750580,SILVER
NA1_5639070363,BRONZE
NA1_5639076189,EMERALD
NA1_5637843197,MASTER
NA1_5638947068,GRANDMASTER
NA1_5634632822,EMERALD
NA1_5637586698,MASTER
NA1_5637849589,PLATINUM
NA1_5636321628,SILVER
NA1_5637077554,IRON
NA1_5636694423,IRON
NA1_5638046218,GOLD
NA1_5638485781,GRANDMASTER
NA1_5637335872,DIAMOND
NA1_5629966199,EMERALD
NA1_5639106218,DIAMOND
NA1_5632706589,PLATINUM
NA1_5637146000,GRANDMASTER
NA1_5633123938,GRANDMASTER
NA1_5632003868,BRONZE
NA1_5638014403,MASTER
NA1_5638002425,GRANDMASTER
NA1_5634181663,MASTER
NA1_5631333458,DIAMOND
NA1_5635605527,CHALLENGER
NA1_5637510188,BRONZE
NA1_5637466571,PLATINUM
NA1_5638880036,MASTER
NA1_5639252061,SILVER
NA1_5630567945,IRON
NA1_5639049947,EMERALD
NA1_5632317781,BRONZE
NA1_5635160870,BRONZE
NA1_5637744638,IRON
NA1_5632981248,PLATINUM
NA1_5633280800,EMERALD
NA1_5637419665,PLATINUM
NA1_5639079160,MASTER
NA1_5638578769,GOLD
NA1_5638603915,EMERALD
NA1_5638586761,IRON
NA1_5638907192,GOLD
NA1_5637477847,GRANDMASTER
NA1_5639100742,GRANDMASTER
NA1_5633590096,EMERALD
NA1_5637648111,DIAMOND
NA1_5638751485,BRONZE
NA1_5638528254,CHALLENGER
NA1_5638864189,IRON
NA1_5636215905,GOLD
NA1_5636218129,IRON
NA1_5636121290,EMERALD
NA1_5638353826,GOLD
NA1_5630875842,BRONZE
NA1_5631524314,MASTER
NA1_5633543919,SILVER
NA1_5638813082,SILVER
NA1_5629193033,GOLD
NA1_5638087813,IRON
NA1_5635470162,BRONZE
NA1_5638079090,GOLD
NA1_5629309906,DIAMOND
NA1_5634005138,IRON
NA1_5636323851,SILVER
NA1_5638250425,CHALLENGER
NA1_5639108017,GRANDMASTER
NA1_5637487822,GRANDMASTER
NA1_5639161416,EMERALD
NA1_5637673988,GRANDMASTER
NA1_5636199804,MASTER
NA1_5635173551,SILVER
NA1_5637776234,GRANDMASTER
NA1_5639104566,BRONZE
NA1_5628991265,MASTER
NA1_5637963137,CHALLENGER
NA1_5637993466,IRON
NA1_5639162872,BRONZE
NA1_5637167368,EMERALD
NA1_5637481256,GOLD
NA1_5629633559,MASTER
NA1_5635497587,PLATINUM
NA1_5639024482,BRONZE
NA1_5638999619,MASTER
NA1_5634301338,CHALLENGER
NA1_5634335973,SILVER
NA1_5635142536,BRONZE
NA1_5636636650,GRANDMASTER
NA1_5639194552,SILVER
NA1_5638476991,GOLD
NA1_5638299922,PLATINUM
NA1_5636135379,DIAMOND
NA1_5637156671,IRON
NA1_5636938920,BRONZE
NA1_5635842763,GOLD
NA1_5634035471,IRON
NA1_5632069207,PLATINUM
NA1_5637714266,GRANDMASTER
NA1_5631458514,GOLD
NA1_5637057830,DIAMOND
NA1_5636545987,SILVER
NA1_5637881120,EMERALD
NA1_5632542406,DIAMOND
NA1_5635585349,PLATINUM
NA1_5635962445,GRANDMASTER
NA1_5638578829,MASTER
NA1_5638196272,BRONZE
NA1_5632773193,EMERALD
NA1_5632063143,PLATINUM
NA1_5638005669,GRANDMASTER
NA1_5634107115,GOLD
NA1_5639252761,GRANDMASTER
NA1_5629798761,DIAMOND
NA1_5636164658,IRON
NA1_5637983061,GOLD
NA1_5638852761,GOLD
NA1_5634649235,MASTER
NA1_5637045478,GRANDMASTER
NA1_5637832953,EMERALD
NA1_5634931086,IRON
NA1_5638369748,DIAMOND
NA1_5638402582,CHALLENGER
NA1_5632758692,DIAMOND
NA1_5636539475,EMERALD
NA1_5632342026,IRON
NA1_5630969455,BRONZE
NA1_5638899314,MASTER
NA1_5639147196,BRONZE
NA1_5638927387,DIAMOND
NA1_5634793608,GOLD
NA1_5638064622,DIAMOND
NA1_5639030348,CHALLENGER
NA1_5637418021,PLATINUM
NA1_5638623434,EMERALD
NA1_5639128452,BRONZE
NA1_5635402876,DIAMOND
NA1_5637712158,CHALLENGER
NA1_5639024132,SILVER
NA1_5638733007,BRONZE
NA1_5630813263,SILVER
NA1_5635806409,MASTER
NA1_5638327117,CHALLENGER
NA1_5635891797,PLATINUM
NA1_5637477133,IRON
NA1_5630992727,SILVER
NA1_5634427509,MASTER
NA1_5637414081,PLATINUM
NA1_5635630264,GRANDMASTER
NA1_5638859895,GRANDMASTER
NA1_5632675336,IRON
NA1_5637473517,CHALLENGER
NA1_5638799566,GRANDMASTER
NA1_5635638704,GRANDMASTER
NA1_5633542282,BRONZE
NA1_5638672687,MASTER
NA1_5639004726,MASTER
NA1_5634202390,MASTER
NA1_5630208232,PLATINUM
NA1_5629034044,PLATINUM
NA1_5638956900,DIAMOND
NA1_5638715256,IRON
NA1_5633013979,IRON
NA1_5632764782,MASTER
NA1_5635576226,SILVER
NA1_5638971433,IRON
NA1_5634566992,DIAMOND
NA1_5633634878,SILVER
NA1_5638955356,IRON
NA1_5635513633,EMERALD
NA1_5638451940,GRANDMASTER
NA1_5635686819,EMERALD
NA1_5633056969,IRON
NA1_5635506845,DIAMOND
NA1_5636930111,GRANDMASTER
NA1_5638994042,MASTER
NA1_5635284221,BRONZE
NA1_5634829030,MASTER
NA1_5637706734,IRON
NA1_5630668058,GOLD
NA1_5629507616,IRON
NA1_5638314911,MASTER
NA1_5638679635,EMERALD
NA1_5638796471,MASTER
NA1_5636686961,GOLD
NA1_5636839536,IRON
NA1_5636084223,DIAMOND
NA1_5636629716,GRANDMASTER
NA1_5635842231,BRONZE
NA1_5638517364,IRON
NA1_5636711532,PLATINUM
NA1_5637444165,SILVER
NA1_5637186454,PLATINUM
NA1_5637965284,IRON
NA1_5631007432,CHALLENGER
NA1_5637111528,GOLD
NA1_5632505904,IRON
NA1_5639093012,BRONZE
NA1_5632101069,SILVER
NA1_5634602257,IRON
NA1_5631784626,EMERALD
NA1_5638764245,PLATINUM
NA1_5634422979,BRONZE
NA1_5637884271,MASTER
NA1_5632847782,SILVER
NA1_5637036495,IRON
NA1_5638889840,GOLD
NA1_5639029416,GOLD
NA1_5638596980,IRON
NA1_5637826089,GRANDMASTER
NA1_5636827299,MASTER
NA1_5638335540,PLATINUM
NA1_5635432781,GRANDMASTER
NA1_5637638932,DIAMOND
NA1_5634429100,CHALLENGER
NA1_5638329499,IRON
NA1_5638847309,GRANDMASTER
NA1_5638539602,GRANDMASTER
NA1_5629642625,IRON
NA1_5632786926,IRON
NA1_5637106716,GRANDMASTER
NA1_5638674857,EMERALD
NA1_5639140090,BRONZE
NA1_5630077985,EMERALD
NA1_5638974300,DIAMOND
NA1_5637802837,CHALLENGER
NA1_5635706971,EMERALD
NA1_5638532609,BRONZE
NA1_5638309897,GRANDMASTER
NA1_5631998466,DIAMOND
NA1_5638601703,SILVER
NA1_5638235599,BRONZE
NA1_5639110383,EMERALD
NA1_5632194273,PLATINUM
NA1_5639218153,PLATINUM
NA1_5638692367,IRON
NA1_5635749688,GOLD
NA1_5629049572,PLATINUM
NA1_5633412605,GOLD
NA1_5637513929,EMERALD
NA1_5632735816,DIAMOND
NA1_5639177574,DIAMOND
NA1_5635998317,CHALLENGER
NA1_5638274244,MASTER
NA1_5633154025,EMERALD
NA1_5635036706,CHALLENGER
NA1_5631342936,GOLD
NA1_5635545327,BRONZE
NA1_5638146574,PLATINUM
NA1_5629551826,MASTER
NA1_5630887668,PLATINUM
NA1_5633126324,GRANDMASTER
NA1_5631477212,DIAMOND
NA1_5635734751,BRONZE
NA1_5638330449,PLATINUM
NA1_5636264941,GRANDMASTER
NA1_5630336797,EMERALD
NA1_5638102754,DIAMOND
NA1_5637272335,IRON
NA1_5637494272,CHALLENGER
NA1_5637070968,GOLD
NA1_5634491690,MASTER
NA1_5633509249,MASTER
NA1_5638831972,DIAMOND
NA1_5637216866,CHALLENGER
NA1_5637156893,DIAMOND
NA1_5636732109,DIAMOND
NA1_5635432079,SILVER
NA1_5638522238,GOLD
NA1_5636754064,GOLD
NA1_5633889016,DIAMOND
NA1_5635622163,BRONZE
NA1_5638872239,SILVER
NA1_5635621545,MASTER
NA1_5638210125,GOLD
NA1_5628856407,PLATINUM
NA1_5639224288,GOLD
NA1_5636614667,DIAMOND
NA1_5637055273,PLATINUM
NA1_5638657802,GOLD
NA1_5635304346,EMERALD
NA1_5637987732,SILVER
NA1_5637649724,DIAMOND
NA1_5638960086,GRANDMASTER
NA1_5633041789,SILVER
NA1_5638088037,PLATINUM
NA1_5635980503,SILVER
NA1_5638965082,BRONZE
NA1_5638827337,GOLD
NA1_5638490749,DIAMOND
NA1_5639129782,IRON
NA1_5636485889,DIAMOND
NA1_5632188565,DIAMOND
NA1_5637294062,GRANDMASTER
NA1_5637459773,GRANDMASTER
NA1_5638083064,EMERALD
NA1_5630381825,DIAMOND
NA1_5639091250,GOLD
NA1_5635856415,IRON
NA1_5637374089,SILVER
NA1_5636680286,GOLD
NA1_5635634682,GOLD
NA1_5638751948,CHALLENGER
NA1_5629948879,GRANDMASTER
NA1_5639237445,DIAMOND
NA1_5630485192,EMERALD
NA1_5638984440,SILVER
NA1_5639228542,GRANDMASTER
NA1_5638000855,DIAMOND
NA1_5637065103,CHALLENGER
NA1_5635678091,SILVER
NA1_5637753643,SILVER
NA1_5636050597,GRANDMASTER
NA1_5637462261,MASTER
NA1_5638612464,EMERALD
NA1_5636181752,SILVER
NA1_5634973748,IRON
NA1_5634532432,BRONZE
NA1_5637485931,SILVER
NA1_5638859283,CHALLENGER
NA1_5638673013,PLATINUM
NA1_5637581735,GRANDMASTER
NA1_5638010327,SILVER
NA1_5636835071,IRON
NA1_5635412572,GOLD
NA1_5637912367,MASTER
NA1_5635675225,MASTER
NA1_5639006920,MASTER
NA1_5633394255,IRON
NA1_5638832822,GRANDMASTER
NA1_5634839552,IRON
NA1_5635368032,CHALLENGER
NA1_5631410453,SILVER
NA1_5633919350,CHALLENGER
NA1_5637372814,BRONZE
NA1_5637915351,MASTER
NA1_5638922664,DIAMOND
NA1_5637406253,PLATINUM
NA1_5632358469,GOLD
NA1_5638823043,MASTER
NA1_5633925462,MASTER
NA1_5638534114,DIAMOND
NA1_5636255209,PLATINUM
NA1_5639053989,GOLD
NA1_5638153096,EMERALD
NA1_5632470747,PLATINUM
NA1_5638365090,PLATINUM
NA1_5633580559,PLATINUM
NA1_5635662927,CHALLENGER
NA1_5637922037,GRANDMASTER
NA1_5639130499,EMERALD
NA1_5638987879,GRANDMASTER
NA1_5633455187,IRON
NA1_5637171245,DIAMOND
NA1_5630295840,EMERALD
NA1_5638825465,BRONZE
NA1_5639105176,IRON
NA1_5638310409,GOLD
NA1_5638788496,GRANDMASTER
NA1_5636365206,SILVER
NA1_5634683704,GRANDMASTER
NA1_5638155714,PLATINUM
NA1_5637880156,GOLD
NA1_5633303297,BRONZE
NA1_5639077519,PLATINUM
NA1_5636362155,EMERALD
NA1_5639146581,GRANDMASTER
NA1_5637669369,SILVER
NA1_5637761654,MASTER
NA1_5638816527,GOLD
NA1_5635756942,SILVER
NA1_5636948868,IRON
NA1_5629580731,SILVER
NA1_5638322043,MASTER
NA1_5638693210,GRANDMASTER
NA1_5638047221,MASTER
NA1_5633186315,GOLD
NA1_5635441511,GOLD
NA1_5638896674,DIAMOND
NA1_5638828965,BRONZE
NA1_5633410260,EMERALD
NA1_5634451857,PLATINUM
NA1_5638923631,SILVER
NA1_5635497588,BRONZE
NA1_5634199275,IRON
NA1_5633861542,GRANDMASTER
NA1_5637830109,DIAMOND
NA1_5638554132,DIAMOND
NA1_5631426379,BRONZE
NA1_5638602983,DIAMOND
NA1_5638796799,PLATINUM
NA1_5638308142,DIAMOND
NA1_5637718995,MASTER
NA1_5639025419,PLATINUM
NA1_5631854151,BRONZE
NA1_5634195434,CHALLENGER
NA1_5639120254,PLATINUM
NA1_5638276079,GRANDMASTER
NA1_5635409352,IRON
NA1_5635522403,GRANDMASTER
NA1_5639151966,PLATINUM
NA1_5637615192,EMERALD
NA1_5635198685,DIAMOND
NA1_5639045320,GRANDMASTER
NA1_5638722701,DIAMOND
NA1_5638858570,BRONZE
NA1_5630930406,PLATINUM
NA1_5635678818,MASTER
NA1_5639144242,SILVER
NA1_5638742065,DIAMOND
NA1_5637389789,IRON
NA1_5632763920,EMERALD
NA1_5629015699,EMERALD
NA1_5637638616,BRONZE
NA1_5638859068,GOLD
NA1_5633907341,DIAMOND
NA1_5638952400,GOLD
NA1_5632365444,BRONZE
NA1_5636148025,GRANDMASTER
NA1_5636806090,GRANDMASTER
NA1_5636177752,SILVER
NA1_5639128306,DIAMOND
NA1_5637660799,IRON
NA1_5637482309,CHALLENGER
NA1_5638449836,SILVER
NA1_5637217949,SILVER
NA1_5631382811,IRON
NA1_5632983416,SILVER
NA1_5638250182,DIAMOND
NA1_5633998388,BRONZE
NA1_5637834447,BRONZE
NA1_5639210958,SILVER
NA1_5637579826,MASTER
NA1_5637307425,CHALLENGER
NA1_5639192168,GOLD
NA1_5639066253,MASTER
NA1_5636131282,GOLD
NA1_5634156119,IRON
NA1_5638898702,DIAMOND
NA1_5638512788,PLATINUM
NA1_5637727184,SILVER
NA1_5631800556,GOLD
NA1_5636462634,SILVER
NA1_5635433516,CHALLENGER
NA1_5636684174,MASTER
NA1_5634879281,GRANDMASTER
NA1_5637893552,DIAMOND
NA1_5638932433,BRONZE
NA1_5634870410,MASTER
NA1_5638909567,DIAMOND
NA1_5630855961,GOLD
NA1_5638365212,IRON
NA1_5638996489,MASTER
NA1_5630533453,DIAMOND
NA1_5632719733,MASTER
NA1_5638587219,DIAMOND
NA1_5639129433,MASTER
NA1_5639198394,GOLD
NA1_5639194372,SILVER
NA1_5631248647,BRONZE
NA1_5638261740,MASTER
NA1_5636586349,IRON
NA1_5636645029,MASTER
NA1_5635381125,IRON
NA1_5638421942,SILVER
NA1_5631177894,DIAMOND
NA1_5639129162,SILVER
NA1_5633884787,CHALLENGER
NA1_5638007742,SILVER
NA1_5637333150,DIAMOND
NA1_5631308620,MASTER
NA1_5639025636,BRONZE
NA1_5634872305,IRON
NA1_5637376885,SILVER
NA1_5634523654,GOLD
NA1_5632230416,SILVER
NA1_5635696678,GOLD
NA1_5637660793,PLATINUM
NA1_5636656744,MASTER
NA1_5633673592,GOLD
NA1_5638923453,EMERALD
NA1_5637663634,GRANDMASTER
NA1_5634606258,SILVER
NA1_5638773604,BRONZE
NA1_5638929717,DIAMOND
NA1_5636339926,IRON
NA1_5634677447,MASTER
NA1_5637486807,GOLD
NA1_5637726966,IRON
NA1_5634679957,PLATINUM
NA1_5638843208,BRONZE
NA1_5636340493,BRONZE
NA1_5638470988,PLATINUM
NA1_5633981302,GRANDMASTER
NA1_5630100176,MASTER
NA1_5628882423,EMERALD
NA1_5638882365,GOLD
NA1_5630175000,GOLD
NA1_5639016038,GRANDMASTER
NA1_5635156953,IRON
NA1_5637597442,EMERALD
NA1_5637619660,BRONZE
NA1_5635571613,MASTER
NA1_5629646854,DIAMOND
NA1_5638430505,GOLD
NA1_5636810492,DIAMOND
NA1_5635010113,CHALLENGER
NA1_5633528107,PLATINUM
NA1_5638891415,SILVER
NA1_5637764434,PLATINUM
NA1_5635672745,MASTER
NA1_5638888207,CHALLENGER
NA1_5638956156,SILVER
NA1_5635092756,IRON
NA1_5637922469,SILVER
NA1_5638940339,MASTER
NA1_5630455311,SILVER
NA1_5638743021,GRANDMASTER
NA1_5639123210,CHALLENGER
NA1_5633239631,GRANDMASTER
NA1_5638604991,PLATINUM
NA1_5638903335,DIAMOND
NA1_5632763248,MASTER
NA1_5639162026,SILVER
NA1_5629113030,EMERALD
NA1_5633067186,IRON
NA1_5635552709,EMERALD
NA1_5637913674,IRON
NA1_5634530593,EMERALD
NA1_5637785727,CHALLENGER
NA1_5639122295,MASTER
NA1_5633394114,CHALLENGER
NA1_5637651315,GRANDMASTER
NA1_5634831073,EMERALD
NA1_5638117465,CHALLENGER
NA1_5633241399,EMERALD
NA1_5638623113,SILVER
NA1_5638556900,EMERALD
NA1_5639035119,BRONZE
NA1_5639038382,IRON
NA1_5638883754,CHALLENGER
NA1_5638813250,BRONZE
NA1_5638920725,GOLD
NA1_5639195736,GOLD
NA1_5637076990,CHALLENGER
NA1_5638961224,EMERALD
NA1_5636669091,CHALLENGER
NA1_5631307575,GOLD
NA1_5638549744,EMERALD
NA1_5636954578,PLATINUM
NA1_5638943516,BRONZE
NA1_5630922542,MASTER
NA1_5635214656,EMERALD
NA1_5630493124,SILVER
NA1_5629633396,EMERALD
NA1_5633705787,BRONZE
NA1_5631688836,EMERALD
NA1_5638907365,SILVER
NA1_5637771596,GOLD
NA1_5638741793,BRONZE
NA1_5639155575,DIAMOND
NA1_5639235402,DIAMOND
NA1_5638223922,PLATINUM
NA1_5636177981,IRON
NA1_5638160890,EMERALD
NA1_5637617873,EMERALD
NA1_5639217141,BRONZE
NA1_5638394002,DIAMOND
NA1_5629612246,SILVER
NA1_5638584786,DIAMOND
NA1_5637832066,CHALLENGER
NA1_5637366163,DIAMOND
NA1_5638243389,GOLD
NA1_5639162306,PLATINUM
NA1_5631580643,EMERALD
NA1_5632748879,PLATINUM
NA1_5638646499,GOLD
NA1_5638423126,MASTER
NA1_5632705921,DIAMOND
NA1_5637738557,MASTER
NA1_5632465673,CHALLENGER
NA1_5630928648,DIAMOND
NA1_5637352892,IRON
NA1_5634615752,GRANDMASTER
NA1_5637515430,BRONZE
NA1_5638838583,DIAMOND
NA1_5639255261,MASTER
NA1_5636499918,EMERALD
NA1_5632001105,SILVER
NA1_5630493473,DIAMOND
NA1_5638829967,DIAMOND
NA1_5637704560,DIAMOND
NA1_5638499954,BRONZE
NA1_5635404705,BRONZE
NA1_5637665014,MASTER
NA1_5638012699,MASTER
NA1_5634852392,GRANDMASTER
NA1_5639153919,SILVER
NA1_5636730462,GRANDMASTER
NA1_5636999927,GOLD
NA1_5637212079,IRON
NA1_5636436251,GOLD
NA1_5637297525,GRANDMASTER
NA1_5639026815,SILVER
NA1_5638755227,DIAMOND
NA1_5630029811,DIAMOND
NA1_5636924926,EMERALD
NA1_5633333301,DIAMOND
NA1_5639010735,EMERALD
NA1_5630144428,PLATINUM
NA1_5638648510,DIAMOND
NA1_5639252149,GOLD
NA1_5637288835,CHALLENGER
NA1_5635794486,DIAMOND
NA1_5638598799,MASTER
NA1_5637666521,IRON
NA1_5636956431,SILVER
NA1_5638330958,MASTER
NA1_5638112070,IRON
NA1_5633399819,GOLD
NA1_5638119089,BRONZE
NA1_5639069529,MASTER
NA1_5638784745,EMERALD
NA1_5636729038,PLATINUM
NA1_5638116031,IRON
NA1_5636556861,GRANDMASTER
NA1_5639266856,DIAMOND
NA1_5638635901,EMERALD
NA1_5637538247,MASTER
NA1_5638891056,GRANDMASTER
NA1_5630956012,DIAMOND
NA1_5636880596,SILVER
NA1_5636066266,CHALLENGER
NA1_5635249761,EMERALD
NA1_5638421565,GOLD
NA1_5629307807,SILVER
NA1_5639170316,MASTER
NA1_5636707234,DIAMOND
NA1_5635862991,GOLD
NA1_5637458406,PLATINUM
NA1_5638721619,GOLD
NA1_5636576034,GOLD
NA1_5638826023,MASTER
NA1_5636178557,BRONZE
NA1_5631855676,SILVER
NA1_5638402407,MASTER
NA1_5632174692,MASTER
NA1_5630167803,DIAMOND
NA1_5638107478,SILVER
NA1_5637775399,DIAMOND
NA1_5638234534,GOLD
NA1_5638961977,EMERALD
NA1_5638009100,SILVER
NA1_5639219675,PLATINUM
NA1_5637026442,MASTER
NA1_5631519279,PLATINUM
NA1_5639052972,PLATINUM
NA1_5635275305,PLATINUM
NA1_5636457172,IRON
NA1_5638165214,DIAMOND
NA1_5638743268,BRONZE
NA1_5632939882,BRONZE
NA1_5635859071,BRONZE
NA1_5638748817,SILVER
NA1_5636901172,MASTER
NA1_5636582156,DIAMOND
NA1_5636936702,GOLD
NA1_5634188332,DIAMOND
NA1_5634466675,PLATINUM
NA1_5637713634,CHALLENGER
NA1_5638949417,MASTER
NA1_5638493755,DIAMOND
NA1_5637927626,GRANDMASTER
NA1_5638969692,GOLD
NA1_5633683299,GOLD
NA1_5637011591,BRONZE
NA1_5635674015,DIAMOND
NA1_5636711548,BRONZE
NA1_5638061968,CHALLENGER
NA1_5630845051,SILVER
NA1_5631411572,DIAMOND
NA1_5636859592,EMERALD
NA1_5631907131,SILVER
NA1_5637644793,SILVER
NA1_5638667957,PLATINUM
NA1_5630923799,SILVER
NA1_5628755476,GRANDMASTER
NA1_5637228546,GOLD
NA1_5636930761,SILVER
NA1_5637137638,GRANDMASTER
NA1_5633608693,IRON
NA1_5634413910,CHALLENGER
NA1_5632223671,PLATINUM
NA1_5635548114,MASTER
NA1_5634729946,EMERALD
NA1_5637503331,PLATINUM
NA1_5634271429,DIAMOND
NA1_5635328504,DIAMOND
NA1_5634715854,SILVER
NA1_5632852385,MASTER
NA1_5639073793,GRANDMASTER
NA1_5631262162,GOLD
NA1_5636097575,DIAMOND
NA1_5637476271,DIAMOND
NA1_5633417906,PLATINUM
NA1_5638012051,PLATINUM
NA1_5631273484,GOLD
NA1_5634575288,DIAMOND
NA1_5631862104,GOLD
NA1_5638855568,IRON
NA1_5630724869,BRONZE
NA1_5638959388,DIAMOND
NA1_5631727191,PLATINUM
NA1_5639024180,MASTER
NA1_5635432083,GRANDMASTER
NA1_5635402620,MASTER
NA1_5636699895,GRANDMASTER
NA1_5638504168,MASTER
NA1_5633674067,GRANDMASTER
NA1_5638524516,CHALLENGER
NA1_5638046923,IRON
NA1_5639125954,IRON
NA1_5638572485,IRON
NA1_5637170472,EMERALD
NA1_5629382935,EMERALD
NA1_5630232668,GOLD
NA1_5638358229,MASTER
NA1_5639072571,SILVER
NA1_5638634389,EMERALD
NA1_5638522440,EMERALD
NA1_5632559210,SILVER
NA1_5639146825,DIAMOND
NA1_5639160382,DIAMOND
NA1_5638821624,BRONZE
NA1_5637551525,BRONZE
NA1_5637553844,BRONZE
NA1_5637673457,GRANDMASTER
NA1_5638717680,CHALLENGER
NA1_5638759264,IRON
NA1_5637446068,IRON
NA1_5638066106,GOLD
NA1_5638887390,DIAMOND
NA1_5638901729,SILVER
NA1_5638792153,IRON
NA1_5636636275,MASTER
NA1_5637294617,MASTER
NA1_5636267731,DIAMOND
NA1_5635286965,GOLD
NA1_5633080076,SILVER
NA1_5637934009,IRON
NA1_5637571557,DIAMOND
NA1_5639253483,SILVER
NA1_5635685944,DIAMOND
NA1_5638359893,SILVER
NA1_5638002507,CHALLENGER
NA1_5638677346,SILVER
NA1_5637095200,DIAMOND
NA1_5639022830,PLATINUM
NA1_5633840923,CHALLENGER
NA1_5638281808,GOLD
NA1_5638052052,DIAMOND
NA1_5634446017,EMERALD
NA1_5639248154,SILVER
NA1_5638679153,PLATINUM
NA1_5638232321,PLATINUM
NA1_5633279450,PLATINUM
NA1_5638645822,IRON
NA1_5638351329,GOLD
NA1_5636825915,DIAMOND
NA1_5635416564,GRANDMASTER
NA1_5636288569,IRON
NA1_5638048836,MASTER
NA1_5632538106,EMERALD
NA1_5638993247,GRANDMASTER
NA1_5637887075,EMERALD
NA1_5638237861,CHALLENGER
NA1_5632172139,BRONZE
NA1_5631718063,PLATINUM
NA1_5637167651,GRANDMASTER
NA1_5637497612,SILVER
NA1_5639004072,IRON
NA1_5635572076,SILVER
NA1_5633452874,SILVER
NA1_5637435289,GRANDMASTER
NA1_5632058518,SILVER
NA1_5637435771,IRON
NA1_5633662646,CHALLENGER
NA1_5635228347,GOLD
NA1_5639241126,GOLD
NA1_5638925642,CHALLENGER
NA1_5631451366,BRONZE
NA1_5638914450,GRANDMASTER
NA1_5638823345,DIAMOND
NA1_5638064248,BRONZE
NA1_5638342676,MASTER
NA1_5638277643,SILVER
NA1_5636153387,PLATINUM
NA1_5638018352,IRON
NA1_5637188713,GRANDMASTER
NA1_5638012244,MASTER
NA1_5639249782,PLATINUM
NA1_5631902828,EMERALD
NA1_5638672711,GOLD
NA1_5638787471,EMERALD
NA1_5634041807,DIAMOND
NA1_5638947076,SILVER
NA1_5636322288,EMERALD
NA1_5634751459,EMERALD
NA1_5638313397,DIAMOND
NA1_5634895589,MASTER
NA1_5637315323,DIAMOND
NA1_5637336916,SILVER
NA1_5635891673,CHALLENGER
NA1_5638412097,GOLD
NA1_5635327057,IRON
NA1_5638422036,GOLD
NA1_5638916360,GOLD
NA1_5633197624,DIAMOND
NA1_5639151732,MASTER
NA1_5638653466,MASTER
NA1_5637723805,EMERALD
NA1_5638355775,EMERALD
NA1_5631934539,GOLD
NA1_5638263237,EMERALD
NA1_5636010565,CHALLENGER
NA1_5635332313,BRONZE
NA1_5638459766,GRANDMASTER
NA1_5632755900,SILVER
NA1_5633301364,BRONZE
NA1_5638769728,SILVER
NA1_5637245216,IRON
NA1_5639127657,EMERALD
NA1_5638892290,CHALLENGER
NA1_5637696108,GOLD
NA1_5633432211,EMERALD
NA1_5639214286,BRONZE
NA1_5638855000,GOLD
NA1_5638194344,GOLD
NA1_5635898205,DIAMOND
NA1_5632743332,BRONZE
NA1_5639210414,SILVER
NA1_5634248235,GOLD
NA1_5636416288,DIAMOND
NA1_5638878928,GOLD
NA1_5633136031,GOLD
NA1_5636671649,DIAMOND
NA1_5638747203,EMERALD
NA1_5639134784,PLATINUM
NA1_5636821202,PLATINUM
NA1_5630397847,GOLD
NA1_5630999678,SILVER
NA1_5639111992,IRON
NA1_5637509338,IRON
NA1_5635929795,IRON
NA1_5635474237,EMERALD
NA1_5632243269,BRONZE
NA1_5638820228,IRON
NA1_5638284427,BRONZE
NA1_5639074106,IRON
NA1_5634124676,IRON
NA1_5638036713,IRON
NA1_5637951470,MASTER
NA1_5636173342,CHALLENGER
NA1_5632956260,IRON
NA1_5636005431,SILVER
NA1_5638723565,IRON
NA1_5638122695,GRANDMASTER
NA1_5638906238,SILVER
NA1_5638700827,EMERALD
NA1_5638966579,MASTER
NA1_5639218752,MASTER
NA1_5638701847,SILVER
NA1_5639053148,GRANDMASTER
NA1_5637366035,DIAMOND
NA1_5634291112,BRONZE
NA1_5638289090,SILVER
NA1_5629510666,MASTER
NA1_5631486734,IRON
NA1_5629407882,DIAMOND
NA1_5628806659,BRONZE
NA1_5635327309,SILVER
NA1_5638614536,EMERALD
NA1_5638016298,SILVER
NA1_5637666479,BRONZE
NA1_5638521542,SILVER
NA1_5638779217,BRONZE
NA1_5638905704,IRON
NA1_5634728585,BRONZE
NA1_5638144826,MASTER
NA1_5637009415,DIAMOND
NA1_5629055111,DIAMOND
NA1_5637036265,DIAMOND
NA1_5635329849,DIAMOND
NA1_5638872883,GOLD
NA1_5638858862,DIAMOND
NA1_5630462366,BRONZE
NA1_5635682274,IRON
NA1_5639253562,PLATINUM
NA1_5637156789,MASTER
NA1_5638229323,SILVER
NA1_5638727255,DIAMOND
NA1_5630211528,GOLD
NA1_5632383783,BRONZE
NA1_5638062282,GOLD
NA1_5638364762,IRON
NA1_5637509645,GRANDMASTER
NA1_5634113608,PLATINUM
NA1_5638462890,CHALLENGER
NA1_5636761004,MASTER
NA1_5635695220,MASTER
NA1_5636493164,IRON
NA1_5635834832,MASTER
NA1_5638974140,CHALLENGER
NA1_5635128477,BRONZE
NA1_5637481063,BRONZE
NA1_5635699274,MASTER
NA1_5639057993,DIAMOND
NA1_5632050954,BRONZE
NA1_5630131724,SILVER
NA1_5638503563,CHALLENGER
NA1_5635273012,GOLD
NA1_5632628869,MASTER
NA1_5637087767,MASTER
NA1_5632799733,GRANDMASTER
NA1_5628939544,BRONZE
NA1_5636161350,EMERALD
NA1_5635711033,SILVER
NA1_5639181053,SILVER
NA1_5637637743,EMERALD
NA1_5637009256,MASTER
NA1_5637040848,CHALLENGER
NA1_5630035262,EMERALD
NA1_5638912162,PLATINUM
NA1_5638986498,DIAMOND
NA1_5636326102,BRONZE
NA1_5635564583,IRON
NA1_5637801038,SILVER
NA1_5635296917,PLATINUM
NA1_5637609600,SILVER
NA1_5638386634,BRONZE
NA1_5639092652,EMERALD
NA1_5638258692,MASTER
NA1_5630067026,GOLD
NA1_5639149532,GRANDMASTER
NA1_5638286021,IRON
NA1_5638622103,GOLD
NA1_5639147510,BRONZE
NA1_5637417549,GOLD
NA1_5638367295,MASTER
NA1_5638790825,GRANDMASTER
NA1_5639245681,EMERALD
NA1_5638792677,GRANDMASTER
NA1_5637823739,GRANDMASTER
NA1_5638732112,GRANDMASTER
NA1_5638028362,DIAMOND
NA1_5637184623,GRANDMASTER
NA1_5634719469,PLATINUM
NA1_5637851838,PLATINUM
NA1_5638517227,SILVER
NA1_5632004904,DIAMOND
NA1_5639224956,EMERALD
NA1_5634339875,PLATINUM
NA1_5637590470,DIAMOND
NA1_5638179568,IRON
NA1_5638860954,EMERALD
NA1_5639123101,IRON
NA1_5636823131,EMERALD
NA1_5637117884,IRON
NA1_5637332284,GOLD
NA1_5637841882,EMERALD
NA1_5639091907,SILVER
NA1_5635975893,SILVER
NA1_5637571962,BRONZE
NA1_5638144756,PLATINUM
NA1_5638978694,MASTER
NA1_5638001268,DIAMOND
NA1_5637069858,EMERALD
NA1_5638959288,DIAMOND
NA1_5637493333,SILVER
NA1_5637123395,DIAMOND
NA1_5631113010,DIAMOND
NA1_5634473768,BRONZE
NA1_5638483067,GRANDMASTER
NA1_5639247195,GOLD
NA1_5638963321,EMERALD
NA1_5636906561,PLATINUM
NA1_5638845852,GOLD
NA1_5635294901,CHALLENGER
NA1_5639249145,SILVER
NA1_5635404193,DIAMOND
NA1_5636922603,GOLD
NA1_5631415951,BRONZE
NA1_5632019496,DIAMOND
NA1_5635446157,EMERALD
NA1_5639179355,PLATINUM
NA1_5630314548,GRANDMASTER
NA1_5632325712,GOLD
NA1_5638314325,IRON
NA1_5634425548,GRANDMASTER
NA1_5638993779,GRANDMASTER
NA1_5635494388,PLATINUM
NA1_5634943476,SILVER
NA1_5638419125,MASTER
NA1_5632644527,GOLD
NA1_5638587482,CHALLENGER
NA1_5639020065,BRONZE
NA1_5638468566,EMERALD
NA1_5631171067,DIAMOND
NA1_5631923811,MASTER
NA1_5630791535,SILVER
NA1_5636577294,IRON
NA1_5637371907,PLATINUM
NA1_5637240047,EMERALD
NA1_5629015688,IRON
NA1_5639077651,GRANDMASTER
NA1_5638668907,GRANDMASTER
NA1_5632832886,EMERALD
NA1_5631485822,MASTER
NA1_5630319893,SILVER
NA1_5635639772,EMERALD
NA1_5638154518,GOLD
NA1_5635276307,DIAMOND
NA1_5632824269,GRANDMASTER
NA1_5633787510,GRANDMASTER
NA1_5638780123,SILVER
NA1_5637184834,GRANDMASTER
NA1_5637711324,DIAMOND
NA1_5636326463,BRONZE
NA1_5637215370,GOLD
NA1_5638450450,PLATINUM
NA1_5637880878,GOLD
NA1_5630602643,DIAMOND
NA1_5639054092,SILVER
NA1_5631041593,SILVER
NA1_5638904357,CHALLENGER
NA1_5639058163,SILVER
NA1_5638030493,PLATINUM
NA1_5639153644,GRANDMASTER
NA1_5638774884,EMERALD
NA1_5638122931,SILVER
NA1_5635683818,EMERALD
NA1_5639013366,PLATINUM
NA1_5638253459,GOLD
NA1_5638159458,GRANDMASTER
NA1_5639217450,GRANDMASTER
NA1_5635469639,CHALLENGER
NA1_5639206076,MASTER
NA1_5633730343,GOLD
NA1_5637932385,SILVER
NA1_5637864093,GRANDMASTER
NA1_5632713201,EMERALD
NA1_5639158458,MASTER
NA1_5638188238,DIAMOND
NA1_5636774040,GOLD
NA1_5639261114,GOLD
NA1_5639190995,DIAMOND
NA1_5635062352,CHALLENGER
NA1_5631689421,PLATINUM
NA1_5639110775,DIAMOND
NA1_5631369553,PLATINUM
NA1_5636013452,EMERALD
NA1_5638405192,SILVER
NA1_5628775966,IRON
NA1_5637933333,CHALLENGER
NA1_5634746805,EMERALD
NA1_5629048921,DIAMOND
NA1_5637636810,GRANDMASTER
NA1_5636338482,GRANDMASTER
NA1_5636786347,CHALLENGER
NA1_5638413521,EMERALD
NA1_5638219225,GOLD
NA1_5639239717,PLATINUM
NA1_5638793179,BRONZE
NA1_5637376927,DIAMOND
NA1_5638714024,IRON
NA1_5636282577,IRON
NA1_5636789803,BRONZE
NA1_5638811461,BRONZE
NA1_5632417898,BRONZE
NA1_5638088078,MASTER
NA1_5629030668,GOLD
NA1_5638282184,DIAMOND
NA1_5638485286,SILVER
NA1_5637433431,PLATINUM
NA1_5629064053,BRONZE
NA1_5635849989,SILVER
NA1_5638018803,MASTER
NA1_5635000553,CHALLENGER
NA1_5631295887,GOLD
NA1_5634542442,SILVER
NA1_5638177202,GRANDMASTER
NA1_5638981245,BRONZE
NA1_5634551045,GRANDMASTER
NA1_5638980442,IRON
NA1_5635482074,PLATINUM
NA1_5636723954,EMERALD
NA1_5629487549,BRONZE
NA1_5631385167,SILVER
NA1_5639079901,GRANDMASTER
NA1_5638827160,DIAMOND
NA1_5638638927,SILVER
NA1_5637519562,GRANDMASTER
NA1_5638591020,EMERALD
NA1_5636973782,DIAMOND
NA1_5634642719,PLATINUM
NA1_5634393191,MASTER
NA1_5635430305,IRON
NA1_5639098150,SILVER
NA1_5636529994,IRON
NA1_5632331405,MASTER
NA1_5629841541,PLATINUM
NA1_5638490583,IRON
NA1_5639228552,EMERALD
NA1_5635658769,MASTER
NA1_5636228207,GRANDMASTER
NA1_5635689972,DIAMOND
NA1_5636462838,BRONZE
NA1_5638631285,BRONZE
NA1_5638690115,GOLD
NA1_5630518728,GOLD
NA1_5637105290,CHALLENGER
NA1_5638028951,GRANDMASTER
NA1_5633495514,GRANDMASTER
NA1_5632109970,PLATINUM
NA1_5631333423,PLATINUM
NA1_5637671881,DIAMOND
NA1_5632658611,BRONZE
NA1_5638698468,SILVER
NA1_5638338217,GRANDMASTER
NA1_5635605001,CHALLENGER
NA1_5638047715,IRON
NA1_5639005037,CHALLENGER
NA1_5634507005,EMERALD
NA1_5639225329,DIAMOND
NA1_5634897545,GRANDMASTER
NA1_5635673708,PLATINUM
NA1_5636104889,EMERALD
NA1_5636393751,BRONZE
NA1_5636592186,EMERALD
NA1_5637078374,GRANDMASTER
NA1_5637669305,PLATINUM
NA1_5633683126,MASTER
NA1_5637845811,GOLD
NA1_5634243361,EMERALD
NA1_5629517353,PLATINUM
NA1_5638508647,CHALLENGER
NA1_5634937672,PLATINUM
NA1_5629490811,MASTER
NA1_5635742483,GRANDMASTER
NA1_5633062082,IRON
NA1_5637404537,GRANDMASTER
NA1_5632020204,MASTER
NA1_5634863717,BRONZE
NA1_5636870948,PLATINUM
NA1_5636806175,EMERALD
NA1_5632202878,PLATINUM
NA1_5632985478,MASTER
NA1_5636000700,DIAMOND
NA1_5634400379,EMERALD
NA1_5633365119,BRONZE
NA1_5634399822,PLATINUM
NA1_5632094512,BRONZE
NA1_5639216798,SILVER
NA1_5639029363,MASTER
NA1_5635106038,GOLD
NA1_5637732489,GOLD
NA1_5639105549,IRON
NA1_5638147431,GRANDMASTER
NA1_5631096693,PLATINUM
NA1_5635876719,MASTER
NA1_5637285643,GOLD
NA1_5636799437,GRANDMASTER
NA1_5635753512,GRANDMASTER
NA1_5636771015,CHALLENGER
NA1_5635290359,DIAMOND
NA1_5637917737,GRANDMASTER
NA1_5635854452,BRONZE
NA1_5637936782,PLATINUM
NA1_5633186100,EMERALD
NA1_5637677921,IRON
NA1_5635752918,BRONZE
NA1_5631891860,BRONZE
NA1_5637592182,CHALLENGER
NA1_5638985064,GRANDMASTER
NA1_5638156180,SILVER
NA1_5630249934,BRONZE
NA1_5638864011,DIAMOND
NA1_5638931952,DIAMOND
NA1_5638872802,CHALLENGER
NA1_5638841118,GOLD
NA1_5633700608,DIAMOND
NA1_5633223157,PLATINUM
NA1_5639104778,DIAMOND
NA1_5638719977,GOLD
NA1_5636176298,BRONZE
NA1_5638284282,MASTER
NA1_5638890193,SILVER
NA1_5631354526,PLATINUM
NA1_5639162756,GOLD
NA1_5638358598,CHALLENGER
NA1_5638605700,GRANDMASTER
NA1_5635898822,GRANDMASTER
NA1_5639256942,PLATINUM
NA1_5633702828,DIAMOND
NA1_5632158030,BRONZE
NA1_5633353009,DIAMOND
NA1_5637878954,GRANDMASTER
NA1_5638427478,IRON
NA1_5638984876,IRON
NA1_5636370688,IRON
NA1_5636395258,IRON
NA1_5635928413,GOLD
NA1_5638891636,IRON
NA1_5638269862,BRONZE
NA1_5638740376,PLATINUM
NA1_5630492917,EMERALD
NA1_5638717047,BRONZE
NA1_5628718279,DIAMOND
NA1_5635791727,PLATINUM
NA1_5634227655,PLATINUM
NA1_5632703781,DIAMOND
NA1_5635142618,BRONZE
NA1_5638652602,IRON
NA1_5637703656,SILVER
NA1_5638793750,SILVER
NA1_5634436717,SILVER
NA1_5638909675,GOLD
NA1_5638980742,GOLD
NA1_5638808889,MASTER
NA1_5637445307,MASTER
NA1_5636274199,BRONZE
NA1_5635769245,PLATINUM
NA1_5634931744,CHALLENGER
NA1_5633884726,GRANDMASTER
NA1_5629783094,MASTER
NA1_5638271022,MASTER
NA1_5638943785,IRON
NA1_5639131247,GRANDMASTER
NA1_5633324533,MASTER
NA1_5637711997,SILVER
NA1_5638895176,CHALLENGER
NA1_5638779090,MASTER
NA1_5632386933,BRONZE
NA1_5638861733,SILVER
NA1_5638357136,CHALLENGER
NA1_5637852713,GRANDMASTER
NA1_5634506383,EMERALD
NA1_5636992190,GRANDMASTER
NA1_5638944408,GOLD
NA1_5638973167,GOLD
NA1_5635647576,MASTER
NA1_5636865359,BRONZE
NA1_5637815970,GRANDMASTER
NA1_5631120952,DIAMOND
NA1_5638595247,SILVER
NA1_5637159358,GRANDMASTER
NA1_5631244424,BRONZE
NA1_5637540766,MASTER
NA1_5634110126,MASTER
NA1_5631791043,CHALLENGER
NA1_5639144305,SILVER
NA1_5638302605,GOLD
NA1_5636394259,DIAMOND
NA1_5638616656,IRON
NA1_5637663638,EMERALD
NA1_5639128602,SILVER
NA1_5638491666,PLATINUM
NA1_5636146823,SILVER
NA1_5634278908,SILVER
NA1_5633135201,DIAMOND
NA1_5638435598,GRANDMASTER
NA1_5635243166,EMERALD
NA1_5638368049,PLATINUM
NA1_5637635998,MASTER
NA1_5630749358,SILVER
NA1_5638273032,GOLD
NA1_5633903840,SILVER
NA1_5630352160,IRON
NA1_5632681363,PLATINUM
NA1_5636413151,GRANDMASTER
NA1_5630741606,SILVER
NA1_5639124881,EMERALD
NA1_5639213612,SILVER
NA1_5631277938,BRONZE
NA1_5637386293,MASTER
NA1_5635410970,EMERALD
NA1_5636011322,PLATINUM
NA1_5637764846,DIAMOND
NA1_5637741558,BRONZE
NA1_5637350106,GRANDMASTER
NA1_5638751787,DIAMOND
NA1_5638721553,BRONZE
NA1_5635873481,DIAMOND
NA1_5638928664,IRON
NA1_5636180571,MASTER
NA1_5634918710,CHALLENGER
NA1_5630467158,EMERALD
NA1_5638178655,GOLD
NA1_5638696444,DIAMOND
NA1_5638882433,SILVER
NA1_5637382732,CHALLENGER
NA1_5630777296,MASTER
NA1_5637650497,IRON
NA1_5638845163,PLATINUM
NA1_5639084164,SILVER
NA1_5632908862,SILVER
NA1_5638853030,PLATINUM
NA1_5639224711,PLATINUM
NA1_5631231554,GOLD
NA1_5637613961,EMERALD
NA1_5638735262,BRONZE
NA1_5629604904,EMERALD
NA1_5639255128,GOLD
NA1_5632315434,IRON
NA1_5638345513,DIAMOND
NA1_5637803337,GRANDMASTER
NA1_5638891082,BRONZE
NA1_5638671801,IRON
NA1_5633796103,EMERALD
NA1_5635806504,GRANDMASTER
NA1_5637797837,EMERALD
NA1_5628739655,GRANDMASTER
NA1_5630260063,GRANDMASTER
NA1_5633840489,PLATINUM
NA1_5636465563,SILVER
NA1_5637368953,GRANDMASTER
NA1_5638236877,PLATINUM
NA1_5632521967,GOLD
NA1_5636234615,PLATINUM
NA1_5638837452,EMERALD
NA1_5636525228,GRANDMASTER
NA1_5637976364,DIAMOND
NA1_5637466997,GRANDMASTER
NA1_5636574738,SILVER
NA1_5631748764,EMERALD
NA1_5637182033,EMERALD
NA1_5637713852,CHALLENGER
NA1_5637898373,PLATINUM
NA1_5637336001,SILVER
NA1_5638160262,GRANDMASTER
NA1_5639265962,GRANDMASTER
NA1_5633746335,CHALLENGER
NA1_5636306266,BRONZE
NA1_5638421303,SILVER
NA1_5635594756,GRANDMASTER
NA1_5637617863,MASTER
NA1_5633558792,DIAMOND
NA1_5636859423,MASTER
NA1_5637404778,SILVER
NA1_5631730774,PLATINUM
NA1_5638996475,IRON
NA1_5638258206,PLATINUM
NA1_5637543900,SILVER
NA1_5630625907,EMERALD
NA1_5639095520,CHALLENGER
NA1_5628829599,EMERALD
NA1_5629854057,GOLD
NA1_5639006664,DIAMOND
NA1_5635165890,CHALLENGER
NA1_5636937796,CHALLENGER
NA1_5630126886,DIAMOND
NA1_5637988437,GOLD
NA1_5638547488,DIAMOND
NA1_5634468523,SILVER
NA1_5638306757,MASTER
NA1_5639141652,EMERALD
NA1_5638311122,PLATINUM
NA1_5638707356,GRANDMASTER
NA1_5637414502,GRANDMASTER
NA1_5634723885,IRON
NA1_5638035570,GRANDMASTER
NA1_5639054186,IRON
NA1_5635188504,GRANDMASTER
NA1_5634988729,IRON
NA1_5638911617,IRON
NA1_5636174726,PLATINUM
NA1_5636895284,SILVER
NA1_5638473725,GRANDMASTER
NA1_5636424321,GOLD
NA1_5639059867,GRANDMASTER
NA1_5638986505,EMERALD
NA1_5638549759,MASTER
NA1_5634832175,SILVER
NA1_5636683438,DIAMOND
NA1_5634079171,SILVER
NA1_5636876075,EMERALD
NA1_5639232654,DIAMOND
NA1_5633319235,PLATINUM
NA1_5639060909,IRON
NA1_5639134734,BRONZE
NA1_5636023570,PLATINUM
NA1_5637181964,GRANDMASTER
NA1_5634871364,CHALLENGER
NA1_5631369099,SILVER
NA1_5631023373,GOLD
NA1_5639151357,BRONZE
NA1_5639169087,SILVER
NA1_5638397900,GRANDMASTER
NA1_5636332622,MASTER
NA1_5634420703,BRONZE
NA1_5636719404,SILVER
NA1_5631996133,SILVER
NA1_5630315596,BRONZE
NA1_5633565360,EMERALD
NA1_5632382734,BRONZE
NA1_5629345398,GRANDMASTER
NA1_5637775161,BRONZE
NA1_5638197850,MASTER
NA1_5638536014,BRONZE
NA1_5636819321,GOLD
NA1_5638097635,GOLD
NA1_5634716517,CHALLENGER
NA1_5629148279,EMERALD
NA1_5632467046,IRON
NA1_5637524647,DIAMOND
NA1_5635852751,SILVER
NA1_5637650845,BRONZE
NA1_5634662383,IRON
NA1_5636894689,CHALLENGER
NA1_5635793728,MASTER
NA1_5631720256,CHALLENGER
NA1_5637493433,GRANDMASTER
NA1_5634091490,BRONZE
NA1_5633193676,EMERALD
NA1_5639238010,DIAMOND
NA1_5635196327,PLATINUM
NA1_5631534818,DIAMOND
NA1_5639209780,GOLD
NA1_5637165048,GRANDMASTER
NA1_5638654802,MASTER
NA1_5636191345,MASTER
NA1_5629445203,GRANDMASTER
NA1_5637447858,PLATINUM
NA1_5636182818,EMERALD
NA1_5638201448,GOLD
NA1_5637701845,EMERALD
NA1_5638689656,GOLD
NA1_5637559744,DIAMOND
NA1_5634495135,CHALLENGER
NA1_5638177228,EMERALD
NA1_5639135374,BRONZE
NA1_5638379465,IRON
NA1_5635361780,SILVER
NA1_5631032859,IRON
NA1_5629248628,IRON
NA1_5634268133,GRANDMASTER
NA1_5636548327,CHALLENGER
NA1_5638940133,SILVER
NA1_5637856345,CHALLENGER
NA1_5638631726,BRONZE
NA1_5639150958,PLATINUM
NA1_5639107828,GRANDMASTER
NA1_5635017143,SILVER
NA1_5633219403,IRON
NA1_5639035906,IRON
NA1_5637931837,MASTER
NA1_5629667171,MASTER
NA1_5638519310,EMERALD
NA1_5638710414,GOLD
NA1_5634400600,CHALLENGER
NA1_5639094839,GOLD
NA1_5638197376,CHALLENGER
NA1_5634662871,GOLD
NA1_5636201336,GOLD
NA1_5637743892,IRON
NA1_5638914850,DIAMOND
NA1_5634441568,BRONZE
NA1_5635093317,DIAMOND
NA1_5629670715,MASTER
NA1_5630479752,PLATINUM
NA1_5635558226,DIAMOND
NA1_5638942501,GOLD
NA1_5638388674,PLATINUM
NA1_5629870383,SILVER
NA1_5638192499,PLATINUM
NA1_5635980013,MASTER
NA1_5638539438,IRON
NA1_5633437226,PLATINUM
NA1_5635203695,EMERALD
NA1_5633688511,MASTER
NA1_5639072816,SILVER
NA1_5639094663,GRANDMASTER
NA1_5634998676,MASTER
NA1_5636368887,BRONZE
NA1_5636169774,MASTER
NA1_5629380439,DIAMOND
NA1_5632943290,SILVER
NA1_5635127593,DIAMOND
NA1_5637697956,IRON
NA1_5637625666,SILVER
NA1_5638827421,CHALLENGER
NA1_5634177832,IRON
NA1_5637486976,DIAMOND
NA1_5632156585,DIAMOND
NA1_5633437654,DIAMOND
NA1_5636317709,PLATINUM
NA1_5638658428,IRON
NA1_5637525052,GRANDMASTER
NA1_5635374115,PLATINUM
NA1_5631797478,IRON
NA1_5638021803,MASTER
NA1_5638029812,MASTER
NA1_5632055767,DIAMOND
NA1_5638387902,PLATINUM
NA1_5629212556,GOLD
NA1_5639179642,GOLD
NA1_5634037939,IRON
NA1_5630736689,GRANDMASTER
NA1_5637768859,EMERALD
NA1_5635738804,GOLD
NA1_5635425384,EMERALD
NA1_5638353595,EMERALD
NA1_5639144833,CHALLENGER
NA1_5634172349,PLATINUM
NA1_5635265151,GRANDMASTER
NA1_5637132297,IRON
NA1_5636761592,SILVER
NA1_5634893523,BRONZE
NA1_5636872940,EMERALD
NA1_5632522289,GOLD
NA1_5637690662,EMERALD
NA1_5636880859,IRON
NA1_5636172960,BRONZE
NA1_5636847990,SILVER
NA1_5638855160,SILVER
NA1_5632006167,DIAMOND
NA1_5630233886,BRONZE
NA1_5633806856,EMERALD
NA1_5639124831,EMERALD
NA1_5634842124,BRONZE
NA1_5631369443,BRONZE
NA1_5630465428,DIAMOND
NA1_5629093919,DIAMOND
NA1_5632988069,EMERALD
NA1_5628809533,BRONZE
NA1_5638213771,IRON
NA1_5633174952,EMERALD
NA1_5638969356,CHALLENGER
NA1_5633721847,CHALLENGER
NA1_5633344424,GRANDMASTER
NA1_5637893250,PLATINUM
NA1_5630058853,DIAMOND
NA1_5639152861,PLATINUM
NA1_5631819442,PLATINUM
NA1_5629045452,GOLD
NA1_5638690969,EMERALD
NA1_5637640110,MASTER
NA1_5639059534,SILVER
NA1_5637734899,GRANDMASTER
NA1_5639180049,DIAMOND
NA1_5637507038,PLATINUM
NA1_5638971520,DIAMOND
NA1_5638933019,GOLD
NA1_5636157346,EMERALD
NA1_5637309887,SILVER
NA1_5636961983,MASTER
NA1_5637218554,BRONZE
NA1_5630043946,DIAMOND
NA1_5635582654,GRANDMASTER
NA1_5636768641,DIAMOND
NA1_5636226893,PLATINUM
NA1_5635831502,SILVER
NA1_5637397101,MASTER
NA1_5631566434,IRON
NA1_5630559874,GRANDMASTER
NA1_5637670337,SILVER
NA1_5638663036,EMERALD
NA1_5629897477,GOLD
NA1_5631553511,DIAMOND
NA1_5637760563,GOLD
NA1_5638003797,DIAMOND
NA1_5638681563,BRONZE
NA1_5633225415,PLATINUM
NA1_5637740660,IRON
NA1_5637610165,BRONZE
NA1_5630288273,PLATINUM
NA1_5636915931,CHALLENGER
NA1_5635445005,IRON
NA1_5638824510,PLATINUM
NA1_5628983856,GOLD
NA1_5637476817,GRANDMASTER
NA1_5637886252,PLATINUM
NA1_5636867333,IRON
NA1_5639043020,GOLD
NA1_5632697933,PLATINUM
NA1_5633745687,CHALLENGER
NA1_5632623512,GRANDMASTER
NA1_5634733694,PLATINUM
NA1_5628889228,EMERALD
NA1_5638734994,IRON
NA1_5629582037,MASTER
NA1_5636379876,CHALLENGER
NA1_5639004278,GOLD
NA1_5638694697,SILVER
NA1_5635532113,MASTER
NA1_5638866430,MASTER
NA1_5637483059,PLATINUM
NA1_5638690771,DIAMOND
NA1_5637915718,IRON
NA1_5638629633,EMERALD
NA1_5636833306,GRANDMASTER
NA1_5638029678,DIAMOND
NA1_5638531576,IRON
NA1_5634309045,PLATINUM
NA1_5638244302,GRANDMASTER
NA1_5639177109,GRANDMASTER
NA1_5639129075,MASTER
NA1_5637188126,GRANDMASTER
NA1_5636566420,IRON
NA1_5633453487,GOLD
NA1_5638078506,CHALLENGER
NA1_5639087766,GOLD
NA1_5637408062,SILVER
NA1_5638364891,IRON
NA1_5638049571,IRON
NA1_5636687217,GOLD
NA1_5629086148,BRONZE
NA1_5629086320,SILVER
NA1_5638108201,CHALLENGER
NA1_5638321422,PLATINUM
NA1_5638986258,DIAMOND
NA1_5639050062,SILVER
NA1_5637713332,IRON
NA1_5636606635,MASTER
NA1_5635647445,PLATINUM
NA1_5631328335,DIAMOND
NA1_5638359197,PLATINUM
NA1_5638871506,BRONZE
NA1_5633426697,DIAMOND
NA1_5638184324,GRANDMASTER
NA1_5638424914,EMERALD
NA1_5637892447,DIAMOND
NA1_5636347586,PLATINUM
NA1_5634538445,BRONZE
NA1_5636974069,GOLD
NA1_5636670143,DIAMOND
NA1_5632147059,SILVER
NA1_5633373667,GRANDMASTER
NA1_5639050822,GOLD
NA1_5630041658,GOLD
NA1_5637320822,PLATINUM
NA1_5638909186,GOLD
NA1_5633285029,BRONZE
NA1_5635225181,PLATINUM
NA1_5636458632,CHALLENGER
NA1_5638165962,EMERALD
NA1_5638853604,IRON
NA1_5635966662,PLATINUM
NA1_5638273346,MASTER
NA1_5632967612,PLATINUM
NA1_5631975891,DIAMOND
NA1_5634134920,GOLD
NA1_5633599906,MASTER
NA1_5639087543,CHALLENGER
NA1_5639020139,PLATINUM
NA1_5632903915,EMERALD
NA1_5638575174,DIAMOND
NA1_5637561630,IRON
NA1_5638006297,PLATINUM
NA1_5638670048,IRON
NA1_5635058411,CHALLENGER
NA1_5638014889,PLATINUM
NA1_5634448597,DIAMOND
NA1_5633263860,EMERALD
NA1_5636134849,SILVER
NA1_5632474648,PLATINUM
NA1_5635037045,MASTER
NA1_5634584866,DIAMOND
NA1_5638382122,PLATINUM
NA1_5639198613,PLATINUM
NA1_5636115654,CHALLENGER
NA1_5638975203,GRANDMASTER
NA1_5638980464,GRANDMASTER
NA1_5638398237,GRANDMASTER
NA1_5631783718,DIAMOND
NA1_5638882545,SILVER
NA1_5636552946,EMERALD
NA1_5638673568,SILVER
NA1_5634027175,PLATINUM
NA1_5634454652,PLATINUM
NA1_5632079478,EMERALD
NA1_5634440792,IRON
NA1_5638880963,EMERALD
NA1_5628928977,BRONZE
NA1_5638046699,IRON
NA1_5634076307,PLATINUM
NA1_5637967826,MASTER
NA1_5637343092,EMERALD
NA1_5630975773,IRON
NA1_5638304516,CHALLENGER
NA1_5629853311,EMERALD
NA1_5638819600,GRANDMASTER
NA1_5636863992,EMERALD
NA1_5639034237,MASTER
NA1_5636915970,MASTER
NA1_5638387963,SILVER
NA1_5638627307,GOLD
NA1_5633598597,DIAMOND
NA1_5635588939,PLATINUM
NA1_5638963070,IRON
NA1_5638373701,MASTER
NA1_5637462295,MASTER
NA1_5634071739,CHALLENGER
NA1_5636945921,BRONZE
NA1_5631414434,MASTER
NA1_5636197269,SILVER
NA1_5639100181,SILVER
NA1_5637396141,PLATINUM
NA1_5638364508,GRANDMASTER
NA1_5633409789,GRANDMASTER
NA1_5636094470,CHALLENGER
NA1_5638556349,BRONZE
NA1_5634287544,MASTER
NA1_5638566052,DIAMOND
NA1_5636352824,SILVER
NA1_5638330537,BRONZE
NA1_5635524003,EMERALD
NA1_5638595696,GRANDMASTER
NA1_5637495329,BRONZE
NA1_5630283532,SILVER
NA1_5634348158,IRON
NA1_5638780789,MASTER
NA1_5629231767,BRONZE
NA1_5639129520,EMERALD
NA1_5634094248,PLATINUM
NA1_5638031973,DIAMOND
NA1_5638539084,EMERALD
NA1_5638861689,EMERALD
NA1_5638914294,EMERALD
NA1_5639105292,BRONZE
NA1_5638583878,EMERALD
NA1_5636443133,EMERALD
NA1_5632735655,SILVER
NA1_5638489684,BRONZE
NA1_5638679830,BRONZE
NA1_5633933963,DIAMOND
NA1_5635609727,IRON
NA1_5637793869,PLATINUM
NA1_5638758487,IRON
NA1_5636963328,BRONZE
NA1_5638256044,BRONZE
NA1_5637740335,PLATINUM
NA1_5634812027,BRONZE
NA1_5638366730,PLATINUM
NA1_5637281958,GOLD
NA1_5638603653,MASTER
NA1_5628771424,PLATINUM
NA1_5638830690,BRONZE
NA1_5635380307,DIAMOND
NA1_5633938931,IRON
NA1_5639083651,IRON
NA1_5632198228,IRON
NA1_5638465624,IRON
NA1_5639254337,MASTER
NA1_5638785594,GOLD
NA1_5636142394,SILVER
NA1_5633582121,IRON
NA1_5633222964,CHALLENGER
NA1_5638401199,BRONZE
NA1_5632973503,EMERALD
NA1_5634414675,DIAMOND
NA1_5636355644,IRON
NA1_5638374211,GOLD
NA1_5638576250,IRON
NA1_5638144612,GOLD
NA1_5631872772,PLATINUM
NA1_5639092890,GOLD
NA1_5636564614,MASTER
NA1_5638704790,SILVER
NA1_5636631013,DIAMOND
NA1_5638137879,MASTER
NA1_5631366625,DIAMOND
NA1_5638335096,SILVER
NA1_5638451280,EMERALD
NA1_5637953282,GOLD
NA1_5636860446,BRONZE
NA1_5638594378,IRON
NA1_5637995371,EMERALD
NA1_5637089065,IRON
NA1_5636095095,MASTER
NA1_5631729652,SILVER
NA1_5632919296,PLATINUM
NA1_5628907247,PLATINUM
NA1_5638980221,IRON
NA1_5638609651,PLATINUM
NA1_5634272061,EMERALD
NA1_5637462013,PLATINUM
NA1_5636352334,IRON
NA1_5638959826,BRONZE
NA1_5636096671,MASTER
NA1_5638612833,EMERALD
NA1_5635959048,CHALLENGER
NA1_5638571086,EMERALD
NA1_5633945164,CHALLENGER
NA1_5637521510,GOLD
NA1_5630429310,SILVER
NA1_5634673753,DIAMOND
NA1_5637392957,DIAMOND
NA1_5633924077,EMERALD
NA1_5636809977,GRANDMASTER
NA1_5637757165,CHALLENGER
NA1_5639253872,GOLD
NA1_5639178634,DIAMOND
NA1_5638689183,IRON
NA1_5639065400,IRON
NA1_5637994392,GOLD
NA1_5637858787,EMERALD
NA1_5636627842,IRON
NA1_5638771440,GOLD
NA1_5638240443,BRONZE
NA1_5639195450,GOLD
NA1_5637463164,MASTER
NA1_5633763403,DIAMOND
NA1_5630322058,EMERALD
NA1_5639216643,GOLD
NA1_5629187076,MASTER
NA1_5638668953,IRON
NA1_5639083144,IRON
NA1_5637974517,MASTER
NA1_5631732650,GOLD
NA1_5630997661,SILVER
NA1_5638807111,DIAMOND
NA1_5637647348,DIAMOND
NA1_5638290289,DIAMOND
NA1_5637555489,CHALLENGER
NA1_5633287214,BRONZE
NA1_5636982053,PLATINUM
NA1_5635837447,CHALLENGER
NA1_5639100645,EMERALD
NA1_5638508291,SILVER
NA1_5632342715,GOLD
NA1_5635836211,CHALLENGER
NA1_5639064693,IRON
NA1_5638051352,IRON
NA1_5633328991,SILVER
NA1_5637591535,MASTER
NA1_5638355607,SILVER
NA1_5629122183,MASTER
NA1_5638745138,GOLD
NA1_5636556536,CHALLENGER
NA1_5639210375,DIAMOND
NA1_5638431988,SILVER
NA1_5636613067,GOLD
NA1_5636733909,IRON
NA1_5634932805,SILVER
NA1_5638838682,SILVER
NA1_5636336793,GRANDMASTER
NA1_5637568554,SILVER
NA1_5638569143,DIAMOND
NA1_5635039746,IRON
NA1_5634282459,DIAMOND
NA1_5639060313,BRONZE
NA1_5638387673,PLATINUM
NA1_5638296588,SILVER
NA1_5632393886,BRONZE
NA1_5639014465,GOLD
NA1_5635784474,IRON
NA1_5636978847,SILVER
NA1_5635153375,EMERALD
NA1_5638937829,EMERALD
NA1_5639200109,GRANDMASTER
NA1_5638331669,PLATINUM
NA1_5629909526,EMERALD
NA1_5638295335,DIAMOND
NA1_5639205888,MASTER
NA1_5637935620,PLATINUM
NA1_5637380476,EMERALD
NA1_5631276102,EMERALD
NA1_5639058054,SILVER
NA1_5638771043,GRANDMASTER
NA1_5637819481,IRON
NA1_5637583121,DIAMOND
NA1_5638532985,BRONZE
NA1_5631486576,EMERALD
NA1_5638944962,GOLD
NA1_5636311094,IRON
NA1_5638227128,DIAMOND
NA1_5632150924,PLATINUM
NA1_5636967663,CHALLENGER
NA1_5629531888,GRANDMASTER
NA1_5638497305,GRANDMASTER
NA1_5636567040,MASTER
NA1_5634905114,CHALLENGER
NA1_5639248796,SILVER
NA1_5629725526,BRONZE
NA1_5636555003,IRON
NA1_5638774558,BRONZE
NA1_5637938188,GRANDMASTER
NA1_5638979105,BRONZE
NA1_5638493806,GRANDMASTER
NA1_5631042748,CHALLENGER
NA1_5636747585,IRON
NA1_5638600214,SILVER
NA1_5636114235,GOLD
NA1_5630200784,SILVER
NA1_5638568969,GOLD
NA1_5637716052,MASTER
NA1_5630768906,DIAMOND
NA1_5629532791,MASTER
NA1_5637495984,PLATINUM
NA1_5639122205,DIAMOND
NA1_5636822573,SILVER
NA1_5637808791,GOLD
NA1_5632638471,MASTER
NA1_5638856961,GRANDMASTER
NA1_5633417933,EMERALD
NA1_5631196749,GOLD
NA1_5638376550,SILVER
NA1_5638677287,MASTER
NA1_5637513097,DIAMOND
NA1_5635780950,PLATINUM
NA1_5637508739,DIAMOND
NA1_5629223797,SILVER
NA1_5635347614,SILVER
NA1_5636940418,SILVER
NA1_5631708712,SILVER
NA1_5635545436,MASTER
NA1_5637361345,GOLD
NA1_5636805032,GRANDMASTER
NA1_5637942713,IRON
NA1_5639183012,EMERALD
NA1_5630785723,IRON
NA1_5638511165,IRON
NA1_5632438983,CHALLENGER
NA1_5632001317,PLATINUM
NA1_5638258822,MASTER
NA1_5629106283,BRONZE
NA1_5633654689,DIAMOND
NA1_5636715501,DIAMOND
NA1_5638569319,BRONZE
NA1_5635241188,MASTER
NA1_5631744831,PLATINUM
NA1_5637680995,SILVER
NA1_5639111576,BRONZE
NA1_5637403707,MASTER
NA1_5629873247,MASTER
NA1_5637186865,IRON
NA1_5638563445,EMERALD
NA1_5638757149,GOLD
NA1_5638282119,MASTER
NA1_5638591621,GOLD
NA1_5630026985,CHALLENGER
NA1_5638284569,EMERALD
NA1_5639142272,GOLD
NA1_5638275702,PLATINUM
NA1_5639131978,PLATINUM
NA1_5637407129,GRANDMASTER
NA1_5638780981,IRON
NA1_5637466070,SILVER
NA1_5628965548,GRANDMASTER
NA1_5638800595,BRONZE
NA1_5639244556,DIAMOND
NA1_5633667170,PLATINUM
NA1_5632627480,EMERALD
NA1_5638786326,EMERALD
NA1_5634240343,GOLD
NA1_5629829255,BRONZE
NA1_5632763096,IRON
NA1_5633656698,SILVER
NA1_5638330264,SILVER
NA1_5638919209,GOLD
NA1_5638906294,GOLD
NA1_5638271146,PLATINUM
NA1_5638432246,GRANDMASTER
NA1_5638165878,GRANDMASTER
NA1_5637101387,GRANDMASTER
NA1_5632634681,IRON
NA1_5630494318,PLATINUM
NA1_5633618006,MASTER
NA1_5635487505,BRONZE
NA1_5638878255,GOLD
NA1_5634872044,IRON
NA1_5637412094,CHALLENGER
NA1_5636513589,DIAMOND
NA1_5631925803,IRON
NA1_5634914636,BRONZE
NA1_5638810962,CHALLENGER
NA1_5630026451,EMERALD
NA1_5635602024,IRON
NA1_5638870430,EMERALD
NA1_5629243305,IRON
NA1_5636532984,BRONZE
NA1_5638409563,BRONZE
NA1_5638164874,GOLD
NA1_5639083475,GRANDMASTER
NA1_5637062878,GOLD
NA1_5635764066,GRANDMASTER
NA1_5636256720,BRONZE
NA1_5636945910,GRANDMASTER
NA1_5636546014,CHALLENGER
NA1_5638372710,GOLD
NA1_5638342124,GRANDMASTER
NA1_5635738209,GOLD
NA1_5637855469,GOLD
NA1_5635638705,SILVER
NA1_5636322505,DIAMOND
NA1_5635013694,MASTER
NA1_5638835420,BRONZE
NA1_5636437660,SILVER
NA1_5631176757,BRONZE
NA1_5636814663,MASTER
NA1_5637029804,MASTER
NA1_5639179325,GRANDMASTER
NA1_5638554072,BRONZE
NA1_5637268844,IRON
NA1_5634699608,EMERALD
NA1_5637486000,DIAMOND
NA1_5636039194,MASTER
NA1_5639207582,BRONZE
NA1_5635652148,EMERALD
NA1_5637763156,IRON
NA1_5636825969,BRONZE
NA1_5638999587,PLATINUM
NA1_5638899952,MASTER
NA1_5638519042,SILVER
NA1_5639016439,EMERALD
NA1_5639236678,PLATINUM
NA1_5638857846,PLATINUM
NA1_5638623948,GRANDMASTER
NA1_5638555051,BRONZE
NA1_5638916846,PLATINUM
NA1_5633558066,GRANDMASTER
NA1_5636693192,CHALLENGER
NA1_5633423643,EMERALD
NA1_5637359741,EMERALD
NA1_5637604639,SILVER
NA1_5637782595,EMERALD
NA1_5639257287,DIAMOND
NA1_5638839144,IRON
NA1_5631366740,DIAMOND
NA1_5637573742,MASTER
NA1_5638965647,MASTER
NA1_5632920767,GOLD
NA1_5631262330,MASTER
NA1_5635803257,DIAMOND
NA1_5638732564,IRON
NA1_5638880129,IRON
NA1_5635077591,IRON
NA1_5635920541,MASTER
NA1_5637466333,GOLD
NA1_5638814603,MASTER
NA1_5639067613,EMERALD
NA1_5639246541,GOLD
NA1_5634907474,IRON
NA1_5638883258,GOLD
NA1_5631144129,BRONZE
NA1_5639010312,EMERALD
NA1_5633390469,IRON
NA1_5635535228,IRON
NA1_5631289751,BRONZE
NA1_5630562079,IRON
NA1_5638717902,EMERALD
NA1_5638564451,GOLD
NA1_5638136456,PLATINUM
NA1_5638391074,IRON
NA1_5639262883,DIAMOND
NA1_5633285926,EMERALD
NA1_5631935251,SILVER
NA1_5637164843,MASTER
NA1_5638897885,DIAMOND
NA1_5638924236,GRANDMASTER
NA1_5636210981,CHALLENGER
NA1_5639179249,GOLD
NA1_5631929510,EMERALD
NA1_5639121545,GRANDMASTER
NA1_5635393555,EMERALD
NA1_5638299210,CHALLENGER
NA1_5639029919,DIAMOND
NA1_5639087866,GOLD
NA1_5629530750,DIAMOND
NA1_5638004220,SILVER
NA1_5636280895,PLATINUM
NA1_5636858617,GRANDMASTER
NA1_5639093271,MASTER
NA1_5638555495,SILVER
NA1_5633200764,BRONZE
NA1_5638197127,GRANDMASTER
NA1_5635857767,DIAMOND
NA1_5632144283,GRANDMASTER
NA1_5629649419,DIAMOND
NA1_5637969672,MASTER
NA1_5637018661,PLATINUM
NA1_5637868776,GOLD
NA1_5634316831,MASTER
NA1_5636899386,EMERALD
NA1_5637791702,MASTER
NA1_5639195924,GRANDMASTER
NA1_5636038802,BRONZE
NA1_5631962462,MASTER
NA1_5630200559,BRONZE
NA1_5638979911,DIAMOND
NA1_5637378681,CHALLENGER
NA1_5630304211,SILVER
NA1_5639041564,MASTER
NA1_5633071153,IRON
NA1_5638803984,GRANDMASTER
NA1_5630867024,GOLD
NA1_5635515016,DIAMOND
NA1_5635947042,PLATINUM
NA1_5633618587,MASTER
NA1_5632465254,PLATINUM
NA1_5636143492,MASTER
NA1_5635182580,SILVER
NA1_5630521064,GOLD
NA1_5636754649,GOLD
NA1_5638440322,GOLD
NA1_5639261780,DIAMOND
NA1_5638464310,BRONZE
NA1_5633349299,GOLD
NA1_5635193488,DIAMOND
NA1_5636194076,PLATINUM
NA1_5638776210,PLATINUM
NA1_5638789314,DIAMOND
NA1_5637353226,GRANDMASTER
NA1_5637006052,BRONZE
NA1_5638878448,GRANDMASTER
NA1_5637426235,GOLD
NA1_5637795796,BRONZE
NA1_5636750179,DIAMOND
NA1_5638446962,EMERALD
NA1_5637934332,GRANDMASTER
NA1_5634658146,MASTER
NA1_5636611729,GOLD
NA1_5633229723,GOLD
NA1_5638294000,IRON
NA1_5638140521,CHALLENGER
NA1_5635646075,PLATINUM
NA1_5638076790,PLATINUM
NA1_5629328612,GRANDMASTER
NA1_5639106535,SILVER
NA1_5628754923,IRON
NA1_5631010586,DIAMOND
NA1_5631229998,BRONZE
NA1_5638668569,SILVER
NA1_5637306609,MASTER
NA1_5637809445,DIAMOND
NA1_5638585025,DIAMOND
NA1_5630145965,IRON
NA1_5636042011,CHALLENGER
NA1_5637452364,GRANDMASTER
NA1_5638741632,GRANDMASTER
NA1_5634991167,SILVER
NA1_5639224973,GRANDMASTER
NA1_5630761440,MASTER
NA1_5636161297,SILVER
NA1_5638300478,MASTER
NA1_5636755589,DIAMOND
NA1_5637516274,IRON
NA1_5639177420,SILVER
NA1_5638895689,PLATINUM
NA1_5636581641,DIAMOND
NA1_5638883939,GOLD
NA1_5638871898,IRON
NA1_5636797240,GRANDMASTER
NA1_5635683938,SILVER
NA1_5638426269,EMERALD
NA1_5637958184,PLATINUM
NA1_5638741309,SILVER
NA1_5638276164,SILVER
NA1_5634604307,DIAMOND
NA1_5636142453,IRON
NA1_5631037641,EMERALD
NA1_5639086598,IRON
NA1_5633374289,BRONZE
NA1_5638695283,CHALLENGER
NA1_5639013527,MASTER
NA1_5633802924,GOLD
NA1_5638293602,PLATINUM
NA1_5637931140,GRANDMASTER
NA1_5630011469,EMERALD
NA1_5632223945,BRONZE
NA1_5637670326,PLATINUM
NA1_5638000489,DIAMOND
NA1_5628836554,SILVER
NA1_5638008675,CHALLENGER
NA1_5638929389,IRON
NA1_5638824476,MASTER
NA1_5633406511,PLATINUM
NA1_5638896738,MASTER
NA1_5639126417,GRANDMASTER
NA1_5636468682,IRON
NA1_5638933699,EMERALD
NA1_5628896194,BRONZE
NA1_5631233407,CHALLENGER
NA1_5638996648,IRON
NA1_5638987740,EMERALD
NA1_5635987769,BRONZE
NA1_5635689119,DIAMOND
NA1_5633866415,CHALLENGER
NA1_5638498559,PLATINUM
NA1_5629875720,PLATINUM
NA1_5637117498,MASTER
NA1_5636807765,PLATINUM
NA1_5634373596,BRONZE
NA1_5635130826,PLATINUM
NA1_5638061151,GRANDMASTER
NA1_5638270626,SILVER
NA1_5635684897,MASTER
NA1_5638811175,GRANDMASTER
NA1_5639029696,EMERALD
NA1_5629145820,SILVER
NA1_5638519357,BRONZE
NA1_5631923459,GRANDMASTER
NA1_5629361281,DIAMOND
NA1_5635700674,EMERALD
NA1_5638877904,SILVER
NA1_5638628947,EMERALD
NA1_5638832020,IRON
NA1_5638427071,PLATINUM
NA1_5638135557,IRON
NA1_5637270650,CHALLENGER
NA1_5639201840,GOLD
NA1_5639206261,DIAMOND
NA1_5634644704,BRONZE
NA1_5630504685,BRONZE
NA1_5632714060,EMERALD
NA1_5637586480,PLATINUM
NA1_5638434289,MASTER
NA1_5638756784,GRANDMASTER
NA1_5638530237,GOLD
NA1_5638787989,GRANDMASTER
NA1_5637166851,DIAMOND
NA1_5639222603,SILVER
NA1_5638955062,GRANDMASTER
NA1_5636472312,CHALLENGER
NA1_5638854243,SILVER
NA1_5638809757,DIAMOND
NA1_5639215845,GOLD
NA1_5638269390,PLATINUM
NA1_5638961788,MASTER
NA1_5637605344,SILVER
NA1_5638238507,DIAMOND
NA1_5631344421,BRONZE
NA1_5637246410,IRON
NA1_5638381990,SILVER
NA1_5638896652,CHALLENGER
NA1_5637989987,SILVER
NA1_5639119949,EMERALD
NA1_5638548741,PLATINUM
NA1_5637437452,SILVER
NA1_5637223664,MASTER
NA1_5638528881,IRON
NA1_5633567848,PLATINUM
NA1_5637964234,BRONZE
NA1_5638715449,GRANDMASTER
NA1_5636350063,MASTER
NA1_5638703965,GOLD
NA1_5638001074,GRANDMASTER
NA1_5630569222,GOLD
NA1_5634835036,PLATINUM
NA1_5633221584,EMERALD
NA1_5639100307,GRANDMASTER
NA1_5632024667,PLATINUM
NA1_5638784590,GOLD
NA1_5635239734,MASTER
NA1_5631098042,PLATINUM
NA1_5638321393,DIAMOND
NA1_5629974904,EMERALD
NA1_5637815207,SILVER
NA1_5638677434,IRON
NA1_5639190360,EMERALD
NA1_5636800976,EMERALD
NA1_5634385880,GOLD
NA1_5638424576,GOLD
NA1_5636854631,EMERALD
NA1_5638807485,BRONZE
NA1_5638412339,PLATINUM
NA1_5638484586,DIAMOND
NA1_5630259091,GOLD
NA1_5636268700,GOLD
NA1_5638682630,SILVER
NA1_5638535086,SILVER
NA1_5635569274,PLATINUM
NA1_5630592779,GRANDMASTER
NA1_5638008679,PLATINUM
NA1_5639049628,MASTER
NA1_5635763836,BRONZE
NA1_5635224654,PLATINUM
NA1_5639239610,GRANDMASTER
NA1_5637146519,BRONZE
NA1_5630785727,BRONZE
NA1_5638439265,SILVER
NA1_5639059000,IRON
NA1_5636334481,SILVER
NA1_5639159573,PLATINUM
NA1_5638404585,EMERALD
NA1_5633796411,GOLD
NA1_5637486913,EMERALD
NA1_5636696316,GOLD
NA1_5639180997,EMERALD
NA1_5631970814,BRONZE
NA1_5637974625,GRANDMASTER
NA1_5634036227,SILVER
NA1_5635993306,MASTER
NA1_5638190013,PLATINUM
NA1_5638862420,PLATINUM
NA1_5636975443,GRANDMASTER
NA1_5637414298,MASTER
NA1_5630155473,IRON
NA1_5631829630,BRONZE
NA1_5634017799,GRANDMASTER
NA1_5636841069,BRONZE
NA1_5637368070,SILVER
NA1_5639221487,CHALLENGER
NA1_5637744310,DIAMOND
NA1_5636839106,GRANDMASTER
NA1_5639202587,BRONZE
NA1_5630241505,DIAMOND
NA1_5631526812,GRANDMASTER
NA1_5637928125,MASTER
NA1_5631382965,GRANDMASTER
NA1_5630366716,PLATINUM
NA1_5637576626,MASTER
NA1_5638045890,DIAMOND
NA1_5635240423,PLATINUM
NA1_5637238719,IRON
NA1_5637036433,GRANDMASTER
NA1_5639126157,MASTER
NA1_5638059589,MASTER
NA1_5636067622,EMERALD
NA1_5636032684,EMERALD
NA1_5638163636,IRON
NA1_5635428368,SILVER
NA1_5639082165,DIAMOND
NA1_5637493036,SILVER
NA1_5635040754,GOLD
NA1_5637174393,MASTER
NA1_5638445318,DIAMOND
NA1_5629370944,GRANDMASTER
NA1_5639012377,EMERALD
NA1_5639156258,PLATINUM
NA1_5639036559,PLATINUM
NA1_5635887256,GRANDMASTER
NA1_5637079577,IRON
NA1_5630515333,GOLD
NA1_5638473512,EMERALD
NA1_5639044192,EMERALD
NA1_5638664171,GRANDMASTER
NA1_5636554150,IRON
NA1_5637126536,CHALLENGER
NA1_5637435867,EMERALD
NA1_5638951276,BRONZE
NA1_5636666096,MASTER
NA1_5636528150,MASTER
NA1_5639237181,SILVER
NA1_5638328524,MASTER
NA1_5637639089,IRON
NA1_5639026639,SILVER
NA1_5635047486,BRONZE
NA1_5636973094,CHALLENGER
NA1_5638427415,GRANDMASTER
NA1_5639040566,PLATINUM
NA1_5635713003,GOLD
NA1_5630162926,GOLD
NA1_5633420865,EMERALD
NA1_5639252474,MASTER
NA1_5635509988,PLATINUM
NA1_5634759039,GRANDMASTER
NA1_5639107482,CHALLENGER
NA1_5634306517,GRANDMASTER
NA1_5636192132,PLATINUM
NA1_5638632037,BRONZE
NA1_5631762643,GOLD
NA1_5638804401,MASTER
NA1_5629290355,IRON
NA1_5638911077,MASTER
NA1_5635908052,SILVER
NA1_5635422263,DIAMOND
NA1_5638924465,GOLD
NA1_5638845983,SILVER
NA1_5638411053,DIAMOND
NA1_5639010283,EMERALD
NA1_5638943891,IRON
NA1_5638243993,EMERALD
NA1_5636010776,PLATINUM
NA1_5639223153,DIAMOND
NA1_5634514513,BRONZE
NA1_5631896264,MASTER
NA1_5634816397,IRON
NA1_5639127991,BRONZE
NA1_5637752310,MASTER
NA1_5634541243,EMERALD
NA1_5635168483,GOLD
NA1_5631873826,SILVER
NA1_5631122518,DIAMOND
NA1_5633093641,GOLD
NA1_5635268622,BRONZE
NA1_5637887355,GRANDMASTER
NA1_5637639570,BRONZE
NA1_5638899287,IRON
NA1_5638899533,IRON
NA1_5638649742,GOLD
NA1_5631162902,BRONZE
NA1_5638451349,DIAMOND
NA1_5638940860,CHALLENGER
NA1_5638077101,GOLD
NA1_5638910315,MASTER
NA1_5638228933,IRON
NA1_5637909452,BRONZE
NA1_5638492212,BRONZE
NA1_5631328713,SILVER
NA1_5639080653,CHALLENGER
NA1_5629688684,MASTER
NA1_5635969280,BRONZE
NA1_5638683295,MASTER
NA1_5638765759,GRANDMASTER
NA1_5635715939,BRONZE
NA1_5634821516,BRONZE
NA1_5637185083,GRANDMASTER
NA1_5636599810,MASTER
NA1_5630483998,GRANDMASTER
NA1_5638734595,SILVER
NA1_5638934890,IRON
NA1_5636726688,EMERALD
NA1_5639004939,SILVER
NA1_5639076360,GRANDMASTER
NA1_5632978316,EMERALD
NA1_5635026555,BRONZE
NA1_5630230413,PLATINUM
NA1_5638800356,IRON
NA1_5634229975,IRON
NA1_5637393980,CHALLENGER
NA1_5638975740,MASTER
NA1_5637402891,EMERALD
NA1_5636829866,GOLD
NA1_5638422386,GRANDMASTER
NA1_5638637798,IRON
NA1_5638952150,IRON
NA1_5633527544,IRON
NA1_5638951647,BRONZE
NA1_5637488067,IRON
NA1_5635701598,IRON
NA1_5639095652,MASTER
NA1_5636569310,PLATINUM
NA1_5638587094,SILVER
NA1_5633146665,MASTER
NA1_5635246707,EMERALD
NA1_5631435957,IRON
NA1_5635420412,MASTER
NA1_5638916827,CHALLENGER
NA1_5635238837,CHALLENGER
NA1_5637694916,GRANDMASTER
NA1_5636720058,GRANDMASTER
NA1_5638640696,IRON
NA1_5636717307,BRONZE
NA1_5639004028,IRON
NA1_5637378158,GRANDMASTER
NA1_5634576564,GOLD
NA1_5635969988,EMERALD
NA1_5637292433,GRANDMASTER
NA1_5637946467,SILVER
NA1_5635272160,GOLD
NA1_5634921118,BRONZE
NA1_5629765065,DIAMOND
NA1_5635706086,IRON
NA1_5636281683,IRON
NA1_5636825717,GRANDMASTER
NA1_5634936285,BRONZE
NA1_5638764669,EMERALD
NA1_5637346857,MASTER
NA1_5638997571,GRANDMASTER
NA1_5637768328,MASTER
NA1_5637946569,IRON
NA1_5638187130,CHALLENGER
NA1_5636271266,GRANDMASTER
NA1_5635163655,GRANDMASTER
NA1_5638355645,MASTER
NA1_5637014252,DIAMOND
NA1_5638515261,GRANDMASTER
NA1_5629674470,PLATINUM
NA1_5638780180,DIAMOND
NA1_5638723673,DIAMOND
NA1_5633236471,IRON
NA1_5636368433,DIAMOND
NA1_5635620529,MASTER
NA1_5638908078,PLATINUM
NA1_5638204482,IRON
NA1_5632504202,DIAMOND
NA1_5636561861,SILVER
NA1_5638299119,EMERALD
NA1_5633287651,PLATINUM
NA1_5636852587,DIAMOND
NA1_5635182929,GRANDMASTER
NA1_5638827461,MASTER
NA1_5632579009,IRON
NA1_5638564282,IRON
NA1_5636423308,EMERALD
NA1_5637678892,CHALLENGER
NA1_5638976013,SILVER
NA1_5636958171,GOLD
NA1_5635519257,PLATINUM
NA1_5637759610,SILVER
NA1_5637645043,EMERALD
NA1_5638613125,EMERALD
NA1_5635138246,GRANDMASTER
NA1_5636855192,IRON
NA1_5638304138,CHALLENGER
NA1_5638037400,IRON
NA1_5638872114,GOLD
NA1_5639008259,EMERALD
NA1_5635624046,GOLD
NA1_5635151385,EMERALD
NA1_5637119648,PLATINUM
NA1_5638909866,IRON
NA1_5635212980,DIAMOND
NA1_5632213734,GOLD
NA1_5638380563,GRANDMASTER
NA1_5631037186,PLATINUM
NA1_5638759837,BRONZE
NA1_5636979872,SILVER
NA1_5637794128,MASTER
NA1_5629478201,SILVER
NA1_5635476579,EMERALD
NA1_5630363294,IRON
NA1_5638929846,PLATINUM
NA1_5631179254,DIAMOND
NA1_5638371026,CHALLENGER
NA1_5636556642,PLATINUM
NA1_5631511530,SILVER
NA1_5639169488,GRANDMASTER
NA1_5629838780,EMERALD
NA1_5639183363,PLATINUM
NA1_5636833277,IRON
NA1_5630269598,EMERALD
NA1_5632499550,IRON
NA1_5638324876,GOLD
NA1_5638656400,GOLD
NA1_5631960460,MASTER
NA1_5631014133,CHALLENGER
NA1_5637129508,MASTER
NA1_5638225153,GOLD
NA1_5634836188,CHALLENGER
NA1_5631783313,SILVER
NA1_5636697581,BRONZE
NA1_5636828388,GRANDMASTER
NA1_5638800361,IRON
NA1_5634726060,PLATINUM
NA1_5637291271,MASTER
NA1_5638306989,PLATINUM
NA1_5633631446,CHALLENGER
NA1_5639098723,MASTER
NA1_5635843118,PLATINUM
NA1_5636421289,EMERALD
NA1_5639095334,SILVER
NA1_5630836831,GOLD
NA1_5639141053,GRANDMASTER
NA1_5639178925,CHALLENGER
NA1_5629607186,SILVER
NA1_5634206886,BRONZE
NA1_5637707884,IRON
NA1_5629676382,SILVER
NA1_5639179915,BRONZE
NA1_5636802640,BRONZE
NA1_5636380944,IRON
NA1_5636622551,BRONZE
NA1_5636583944,GOLD
NA1_5635298715,CHALLENGER
NA1_5635237516,PLATINUM
NA1_5638968707,DIAMOND
NA1_5632197472,SILVER
NA1_5635926536,BRONZE
NA1_5631401465,PLATINUM
NA1_5632026044,SILVER
NA1_5636660815,MASTER
NA1_5638835916,DIAMOND
NA1_5638541078,IRON
NA1_5638941828,PLATINUM
NA1_5637679963,GRANDMASTER
NA1_5632145391,SILVER
NA1_5636194874,IRON
NA1_5638943019,SILVER
NA1_5639111697,SILVER
NA1_5638536841,SILVER
NA1_5636869783,CHALLENGER
NA1_5634902033,CHALLENGER
NA1_5638748911,EMERALD
NA1_5633879912,EMERALD
NA1_5637225866,EMERALD
NA1_5638469390,SILVER
NA1_5636561244,GOLD
NA1_5637025057,MASTER
NA1_5639176292,MASTER
NA1_5637050919,SILVER
NA1_5638020247,IRON
NA1_5637881223,BRONZE
NA1_5636394177,SILVER
NA1_5634660505,MASTER
NA1_5638326574,BRONZE
NA1_5635361449,DIAMOND
NA1_5638651937,GOLD
NA1_5637439819,PLATINUM
NA1_5632463191,IRON
NA1_5638958761,GRANDMASTER
NA1_5632400054,IRON
NA1_5637269366,BRONZE
NA1_5629761391,PLATINUM
NA1_5630636058,GOLD
NA1_5637233665,BRONZE
NA1_5632322365,CHALLENGER
NA1_5632725157,CHALLENGER
NA1_5634841561,CHALLENGER
NA1_5635212922,GRANDMASTER
NA1_5638090396,CHALLENGER
NA1_5637919745,BRONZE
NA1_5636246689,EMERALD
NA1_5636988978,MASTER
NA1_5631411973,EMERALD
NA1_5632905652,IRON
NA1_5637721559,DIAMOND
NA1_5638274067,IRON
NA1_5635974033,CHALLENGER
NA1_5639161800,CHALLENGER
NA1_5637844244,EMERALD
NA1_5639116948,BRONZE
NA1_5639153899,BRONZE
NA1_5638999291,BRONZE
NA1_5635891830,BRONZE
NA1_5637856004,GOLD
NA1_5639095503,BRONZE
NA1_5634772080,CHALLENGER
NA1_5638278323,SILVER
NA1_5634633978,SILVER
NA1_5636642720,SILVER
NA1_5638738980,GOLD
NA1_5638919300,GRANDMASTER
NA1_5639058747,GRANDMASTER
NA1_5637400273,SILVER
NA1_5638167874,EMERALD
NA1_5633734391,CHALLENGER
NA1_5637493030,GOLD
NA1_5638734646,MASTER
NA1_5635576289,IRON
NA1_5638269473,IRON
NA1_5638607481,SILVER
NA1_5633379768,MASTER
NA1_5635799926,MASTER
NA1_5634687883,EMERALD
NA1_5638781738,BRONZE
NA1_5637969987,GRANDMASTER
NA1_5638653920,MASTER
NA1_5631972052,DIAMOND
NA1_5636090470,MASTER
NA1_5638536592,IRON
NA1_5635831124,EMERALD
NA1_5631102365,GOLD
NA1_5630541789,PLATINUM
NA1_5638833459,SILVER
NA1_5629773494,GRANDMASTER
NA1_5639189970,PLATINUM
NA1_5638914270,EMERALD
NA1_5634945331,BRONZE
NA1_5630467389,SILVER
NA1_5638981407,DIAMOND
NA1_5638278137,MASTER
NA1_5638577809,IRON
NA1_5632150361,SILVER
NA1_5631026083,SILVER
NA1_5635339267,GRANDMASTER
NA1_5630924229,CHALLENGER
NA1_5636291305,PLATINUM
NA1_5631818490,EMERALD
NA1_5638578991,EMERALD
NA1_5639209350,GRANDMASTER
NA1_5639237911,PLATINUM
NA1_5634128205,IRON
NA1_5639042194,DIAMOND
NA1_5636080902,DIAMOND
NA1_5634894257,CHALLENGER
NA1_5637105843,GRANDMASTER
NA1_5638881381,IRON
NA1_5633690378,IRON
NA1_5638126615,MASTER
NA1_5639190725,GRANDMASTER
NA1_5631553351,PLATINUM
NA1_5629533194,EMERALD
NA1_5629819754,DIAMOND
NA1_5635182077,GRANDMASTER
NA1_5638469442,PLATINUM
NA1_5638610180,GOLD
NA1_5630765318,IRON
NA1_5638550800,SILVER
NA1_5636833965,GRANDMASTER
NA1_5636803939,PLATINUM
NA1_5639169490,PLATINUM
NA1_5636479002,IRON
NA1_5636796188,CHALLENGER
NA1_5631363200,PLATINUM
NA1_5639238685,CHALLENGER
NA1_5638830559,MASTER
NA1_5638398320,IRON
NA1_5637646320,BRONZE
NA1_5639224234,BRONZE
NA1_5633868435,BRONZE
NA1_5637366180,IRON
NA1_5632249470,PLATINUM
NA1_5631387603,PLATINUM
NA1_5635201698,PLATINUM
NA1_5638883527,EMERALD
NA1_5639224414,PLATINUM
NA1_5638251902,GRANDMASTER
NA1_5632968349,IRON
NA1_5637495266,PLATINUM
NA1_5632394620,MASTER
NA1_5637290665,GRANDMASTER
NA1_5631837171,GOLD
NA1_5637138222,GRANDMASTER
NA1_5638625116,IRON
NA1_5637409389,PLATINUM
NA1_5638664128,GOLD
NA1_5636595903,EMERALD
NA1_5638004289,GRANDMASTER
NA1_5638863481,GOLD
NA1_5636844049,EMERALD
NA1_5629725730,MASTER
NA1_5638768071,BRONZE
NA1_5638734677,IRON
NA1_5638976176,GRANDMASTER
NA1_5638491826,SILVER
NA1_5636561893,BRONZE
NA1_5632825582,BRONZE
NA1_5636310124,SILVER
NA1_5638947909,GRANDMASTER
NA1_5638482073,PLATINUM
NA1_5638464167,GOLD
NA1_5634185805,BRONZE
NA1_5639209910,PLATINUM
NA1_5637008777,GOLD
NA1_5638397960,MASTER
NA1_5639158272,DIAMOND
NA1_5637676193,GRANDMASTER
NA1_5639167007,GOLD
NA1_5637000526,CHALLENGER
NA1_5634500919,MASTER
NA1_5639069650,GOLD
NA1_5636934305,EMERALD
NA1_5635551873,EMERALD
NA1_5639233250,GOLD
NA1_5635742493,IRON
NA1_5635959944,SILVER
NA1_5639211648,BRONZE
NA1_5631514878,DIAMOND
NA1_5639153496,EMERALD
NA1_5631718292,CHALLENGER
NA1_5638498072,SILVER
NA1_5638827873,GRANDMASTER
NA1_5638930179,BRONZE
NA1_5637058474,CHALLENGER
NA1_5637273849,SILVER
NA1_5628946395,GRANDMASTER
NA1_5639152640,BRONZE
NA1_5636474219,GOLD
NA1_5638932956,SILVER
NA1_5636117163,IRON
NA1_5637997207,DIAMOND
NA1_5637420774,CHALLENGER
NA1_5639236134,GOLD
NA1_5635010547,DIAMOND
NA1_5638767035,SILVER
NA1_5633528245,GRANDMASTER
NA1_5637421996,EMERALD
NA1_5637507146,SILVER
NA1_5633256391,BRONZE
NA1_5637652831,SILVER
NA1_5633037307,IRON
NA1_5636318701,IRON
NA1_5637817744,IRON
NA1_5639204996,MASTER
NA1_5635352095,DIAMOND
NA1_5637770149,DIAMOND
NA1_5638064823,GOLD
NA1_5638804886,MASTER
NA1_5636156568,GOLD
NA1_5636124819,CHALLENGER
NA1_5632066214,GOLD
NA1_5629928539,GOLD
NA1_5638586566,GOLD
NA1_5637104581,DIAMOND
NA1_5637021774,PLATINUM
NA1_5635101511,IRON
NA1_5638141776,SILVER
NA1_5633662495,GOLD
NA1_5634831711,BRONZE
NA1_5630007057,DIAMOND
NA1_5630433134,DIAMOND
NA1_5637835477,SILVER
NA1_5636433128,PLATINUM
NA1_5638628795,PLATINUM
NA1_5639028748,SILVER
NA1_5630673294,SILVER
NA1_5634666221,MASTER
NA1_5632974785,GRANDMASTER
NA1_5628913134,SILVER
NA1_5634715632,CHALLENGER
NA1_5638156883,GRANDMASTER
NA1_5638671960,BRONZE
NA1_5634750598,MASTER
NA1_5631222220,SILVER
NA1_5639049839,GOLD
NA1_5633152484,BRONZE
NA1_5636818631,EMERALD
NA1_5635822120,GRANDMASTER
NA1_5632245268,GOLD
NA1_5638578802,CHALLENGER
NA1_5635597316,PLATINUM
NA1_5638338086,GRANDMASTER
NA1_5635671168,GOLD
NA1_5637338120,SILVER
NA1_5637864475,GOLD
NA1_5638491549,IRON
NA1_5637026022,DIAMOND
NA1_5638844099,EMERALD
NA1_5635603984,MASTER
NA1_5635782693,EMERALD
NA1_5636330046,IRON
NA1_5638600011,GOLD
NA1_5637632952,GRANDMASTER
NA1_5637762452,MASTER
NA1_5638178913,GRANDMASTER
NA1_5639099705,PLATINUM
NA1_5636244940,GRANDMASTER
NA1_5639163831,PLATINUM
NA1_5631964921,SILVER
NA1_5637991014,SILVER
NA1_5635012978,IRON
NA1_5637837513,GRANDMASTER
NA1_5638329751,GOLD
NA1_5633593125,IRON
NA1_5639073238,MASTER
NA1_5633357133,EMERALD
NA1_5634033552,EMERALD
NA1_5636156223,EMERALD
NA1_5637008564,BRONZE
NA1_5635749211,GRANDMASTER
NA1_5631049215,BRONZE
NA1_5636455982,CHALLENGER
NA1_5635657088,GOLD
NA1_5635287483,PLATINUM
NA1_5636822093,CHALLENGER
NA1_5638779326,BRONZE
NA1_5636675868,EMERALD
NA1_5638634678,BRONZE
NA1_5631323444,DIAMOND
NA1_5629755427,GOLD
NA1_5634728580,GOLD
NA1_5634598338,MASTER
NA1_5637719626,PLATINUM
NA1_5639080533,BRONZE
NA1_5638673327,MASTER
NA1_5638189287,GRANDMASTER
NA1_5630588943,GOLD
NA1_5639129734,MASTER
NA1_5636601420,IRON
NA1_5634930744,BRONZE
NA1_5631570423,SILVER
NA1_5633403091,BRONZE
NA1_5637407303,DIAMOND
NA1_5632115727,BRONZE
NA1_5638512262,MASTER
NA1_5638787589,GRANDMASTER
NA1_5634527821,DIAMOND
NA1_5638696987,SILVER
NA1_5638720663,MASTER
NA1_5638600410,IRON
NA1_5638166057,GRANDMASTER
NA1_5636176092,PLATINUM
NA1_5637224006,GOLD
NA1_5633225533,MASTER
NA1_5637295733,SILVER
NA1_5635370310,CHALLENGER
NA1_5635513658,MASTER
NA1_5633713842,BRONZE
NA1_5635770445,SILVER
NA1_5639099054,SILVER
NA1_5638770696,DIAMOND
NA1_5636028162,GRANDMASTER
NA1_5638526134,IRON
NA1_5636773083,CHALLENGER
NA1_5637437888,EMERALD
NA1_5638524511,IRON
NA1_5632361558,MASTER
NA1_5634801052,SILVER
NA1_5635987535,SILVER
NA1_5634425250,GRANDMASTER
NA1_5638571315,IRON
NA1_5639205124,PLATINUM
NA1_5639237681,GOLD
NA1_5637346746,CHALLENGER
NA1_5639106734,PLATINUM
NA1_5638406811,DIAMOND
NA1_5635185505,DIAMOND
NA1_5635469822,SILVER
NA1_5638618330,SILVER
NA1_5638408101,DIAMOND
NA1_5633433880,MASTER
NA1_5636975759,IRON
NA1_5636077210,GRANDMASTER
NA1_5638411257,MASTER
NA1_5638716830,CHALLENGER
NA1_5638883391,MASTER
NA1_5636766124,CHALLENGER
NA1_5637068986,MASTER
NA1_5638555716,GOLD
NA1_5638514348,PLATINUM
NA1_5639187846,PLATINUM
NA1_5633939732,SILVER
NA1_5629476299,CHALLENGER
NA1_5628998700,IRON
NA1_5635706834,CHALLENGER
NA1_5636849490,DIAMOND
NA1_5636625931,CHALLENGER
NA1_5639039668,GOLD
NA1_5634801790,PLATINUM
NA1_5635486355,IRON
NA1_5637559844,PLATINUM
NA1_5638962645,IRON
NA1_5633386322,GOLD
NA1_5637275715,GRANDMASTER
NA1_5638310983,IRON
NA1_5637308090,PLATINUM
NA1_5638797382,SILVER
NA1_5634247975,PLATINUM
NA1_5636508949,EMERALD
NA1_5632778239,DIAMOND
NA1_5638892507,SILVER
NA1_5631546055,DIAMOND
NA1_5639059519,SILVER
NA1_5635615878,CHALLENGER
NA1_5638916441,SILVER
NA1_5634816942,MASTER
NA1_5638879393,DIAMOND
NA1_5633735891,CHALLENGER
NA1_5637056875,DIAMOND
NA1_5638786808,GOLD
NA1_5638249860,BRONZE
NA1_5633043755,DIAMOND
NA1_5638689234,GOLD
NA1_5636331427,CHALLENGER
NA1_5638579772,CHALLENGER
NA1_5632832186,MASTER
NA1_5638604743,BRONZE
NA1_5630456702,PLATINUM
NA1_5636960587,MASTER
NA1_5629270052,SILVER
NA1_5637104079,PLATINUM
NA1_5637776635,CHALLENGER
NA1_5630995175,PLATINUM
NA1_5638729369,GOLD
NA1_5635770668,DIAMOND
NA1_5634119475,SILVER
NA1_5634944742,SILVER
NA1_5638398880,EMERALD
NA1_5633707268,PLATINUM
NA1_5636134945,MASTER
NA1_5639073170,GOLD
NA1_5632687142,CHALLENGER
NA1_5638933265,MASTER
NA1_5629095187,EMERALD
NA1_5631498290,BRONZE
NA1_5630158801,EMERALD
NA1_5632510711,IRON
NA1_5639134323,EMERALD
NA1_5631353308,BRONZE
NA1_5639106232,GOLD
NA1_5638866573,MASTER
NA1_5635288114,BRONZE
NA1_5638921508,DIAMOND
NA1_5636742374,IRON
NA1_5639090497,DIAMOND
NA1_5630217544,EMERALD
NA1_5634601158,SILVER
NA1_5632468370,SILVER
NA1_5638699608,IRON
NA1_5637006762,PLATINUM
NA1_5635038767,SILVER
NA1_5637123946,BRONZE
NA1_5629778824,MASTER
NA1_5638400456,GRANDMASTER
NA1_5636954615,GRANDMASTER
NA1_5638173296,CHALLENGER
NA1_5636662235,GOLD
NA1_5636067779,PLATINUM
NA1_5633960298,EMERALD
NA1_5633742031,CHALLENGER
NA1_5638204145,EMERALD
NA1_5635332488,GOLD
NA1_5638258160,BRONZE
NA1_5638775577,PLATINUM
NA1_5638548090,BRONZE
NA1_5629629082,EMERALD
NA1_5639154718,MASTER
NA1_5634308158,DIAMOND
NA1_5638664532,PLATINUM
NA1_5638437027,GOLD
NA1_5637060770,CHALLENGER
NA1_5638459614,GOLD
NA1_5634391059,CHALLENGER
NA1_5637016383,SILVER
NA1_5638045274,SILVER
NA1_5629064120,SILVER
NA1_5632681518,GOLD
NA1_5632950469,SILVER
NA1_5634595631,PLATINUM
NA1_5638109939,SILVER
NA1_5638686376,BRONZE
NA1_5638863517,IRON
NA1_5639218932,EMERALD
NA1_5635055405,MASTER
NA1_5637324814,CHALLENGER
NA1_5638968824,GOLD
NA1_5634321570,IRON
NA1_5636018538,GRANDMASTER
NA1_5638622463,IRON
NA1_5634150279,CHALLENGER
NA1_5633125832,GOLD
NA1_5634985394,SILVER
NA1_5636533031,BRONZE
NA1_5631031890,CHALLENGER
NA1_5639176909,BRONZE
NA1_5636484453,SILVER
NA1_5633857678,SILVER
NA1_5630985513,PLATINUM
NA1_5639026078,EMERALD
NA1_5636635929,IRON
NA1_5636510374,PLATINUM
NA1_5638293467,IRON
NA1_5634643208,GRANDMASTER
NA1_5639241989,PLATINUM
NA1_5630475701,BRONZE
NA1_5632958595,EMERALD
NA1_5638699030,GRANDMASTER
NA1_5634152574,DIAMOND
NA1_5639116007,DIAMOND
NA1_5636725750,IRON
NA1_5638982868,DIAMOND
NA1_5633356261,PLATINUM
NA1_5632157156,GOLD
NA1_5638973814,IRON
NA1_5632565394,MASTER
NA1_5638824995,GOLD
NA1_5635055510,CHALLENGER
NA1_5635383136,GRANDMASTER
NA1_5629901685,GOLD
NA1_5638831651,MASTER
NA1_5636871170,MASTER
NA1_5638202049,PLATINUM
NA1_5639253289,DIAMOND
NA1_5638212589,GRANDMASTER
NA1_5636375159,GRANDMASTER
NA1_5638835048,DIAMOND
NA1_5635854762,PLATINUM
NA1_5636955545,EMERALD
NA1_5636651147,GOLD
NA1_5637750931,IRON
NA1_5638926417,SILVER
NA1_5631803440,GOLD
NA1_5634170294,IRON
NA1_5638637808,BRONZE
NA1_5631446766,PLATINUM
NA1_5635123177,MASTER
NA1_5638941438,DIAMOND
NA1_5632832565,IRON
NA1_5631991428,BRONZE
NA1_5636709693,PLATINUM
NA1_5632036712,GRANDMASTER
NA1_5631349523,PLATINUM
NA1_5638640471,GOLD
NA1_5636881933,EMERALD
NA1_5638962867,PLATINUM
NA1_5638939116,GOLD
NA1_5631741712,GOLD
NA1_5633963424,CHALLENGER
NA1_5638154967,MASTER
NA1_5629046797,EMERALD
NA1_5629796596,PLATINUM
NA1_5634099360,SILVER
NA1_5628924903,BRONZE
NA1_5637698570,IRON
NA1_5636759483,PLATINUM
NA1_5636800495,MASTER
NA1_5635978184,CHALLENGER
NA1_5638646190,MASTER
NA1_5638589390,SILVER
NA1_5638695163,IRON
NA1_5632593459,PLATINUM
NA1_5637386564,SILVER
NA1_5637664520,BRONZE
NA1_5632581612,DIAMOND
NA1_5635039604,GOLD
NA1_5635166609,IRON
NA1_5638327303,SILVER
NA1_5639035930,IRON
NA1_5638973071,MASTER
NA1_5638983103,GRANDMASTER
NA1_5630228950,PLATINUM
NA1_5634357119,BRONZE
NA1_5637294388,MASTER
NA1_5636989887,MASTER
NA1_5635638123,SILVER
NA1_5639201812,BRONZE
NA1_5638989351,GRANDMASTER
NA1_5634040334,IRON
NA1_5636148509,PLATINUM
NA1_5630463876,DIAMOND
NA1_5637857430,SILVER
NA1_5639226815,MASTER
NA1_5635708145,IRON
NA1_5638962797,GRANDMASTER
NA1_5632777021,DIAMOND
NA1_5633248864,PLATINUM
NA1_5638065330,MASTER
NA1_5638811085,PLATINUM
NA1_5632379235,BRONZE
NA1_5635423777,CHALLENGER
NA1_5635065298,MASTER
NA1_5638469514,MASTER
NA1_5629238247,IRON
NA1_5638930806,IRON
NA1_5635776105,EMERALD
NA1_5638899550,DIAMOND
NA1_5634216922,CHALLENGER
NA1_5637644650,BRONZE
NA1_5638878591,DIAMOND
NA1_5638881131,PLATINUM
NA1_5636070655,DIAMOND
NA1_5638361483,GRANDMASTER
NA1_5637076194,PLATINUM
NA1_5635751899,GRANDMASTER
NA1_5636371561,SILVER
NA1_5639124506,DIAMOND
NA1_5639007191,IRON
NA1_5636161469,MASTER
NA1_5632681293,GOLD
NA1_5638845523,CHALLENGER
NA1_5639167482,DIAMOND
NA1_5638197196,BRONZE
NA1_5632463267,PLATINUM
NA1_5636654419,EMERALD
NA1_5634024314,IRON
NA1_5633716930,DIAMOND
NA1_5637824716,IRON
NA1_5637381931,MASTER
NA1_5637854332,PLATINUM
NA1_5634345751,IRON
NA1_5635464001,MASTER
NA1_5638893866,EMERALD
NA1_5637001932,CHALLENGER
NA1_5633503739,PLATINUM
NA1_5636341692,EMERALD
NA1_5637907959,EMERALD
NA1_5633670966,SILVER
NA1_5638787101,SILVER
NA1_5629280503,GOLD
NA1_5639103618,IRON
NA1_5639099185,DIAMOND
NA1_5632247479,EMERALD
NA1_5637402200,SILVER
NA1_5636634941,EMERALD
NA1_5636016639,PLATINUM
NA1_5630502264,PLATINUM
NA1_5632537703,IRON
NA1_5633307505,BRONZE
NA1_5638695635,GRANDMASTER
NA1_5635593961,BRONZE
NA1_5635534189,BRONZE
NA1_5637233027,IRON
NA1_5633934022,MASTER
NA1_5638736612,MASTER
NA1_5635109504,GOLD
NA1_5637147344,BRONZE
NA1_5638494918,MASTER
NA1_5634865046,BRONZE
NA1_5637521367,BRONZE
NA1_5631541062,PLATINUM
NA1_5638940203,GRANDMASTER
NA1_5638991908,IRON
NA1_5639211684,GRANDMASTER
NA1_5634686030,CHALLENGER
NA1_5639181874,GOLD
NA1_5638552849,GOLD
NA1_5633638888,PLATINUM
NA1_5638416141,GRANDMASTER
NA1_5635614956,GRANDMASTER
NA1_5638172858,GRANDMASTER
NA1_5638379977,GOLD
NA1_5639168755,SILVER
NA1_5637039938,BRONZE
NA1_5633368258,CHALLENGER
NA1_5638099588,IRON
NA1_5632779831,GOLD
NA1_5632085984,PLATINUM
NA1_5633888393,IRON
NA1_5631656703,DIAMOND
NA1_5638357838,SILVER
NA1_5635769447,PLATINUM
NA1_5637770877,EMERALD
NA1_5639060115,IRON
NA1_5637667194,SILVER
NA1_5633861928,GRANDMASTER
NA1_5639186852,MASTER
NA1_5634260278,MASTER
NA1_5638883068,EMERALD
NA1_5632444211,PLATINUM
NA1_5636662394,CHALLENGER
NA1_5638526058,BRONZE
NA1_5639099469,BRONZE
NA1_5635313817,BRONZE
NA1_5639115634,MASTER
NA1_5635894697,MASTER
NA1_5628861280,EMERALD
NA1_5636480351,SILVER
NA1_5638593073,SILVER
NA1_5638644175,MASTER
NA1_5635125737,IRON
NA1_5638182699,BRONZE
NA1_5635974804,CHALLENGER
NA1_5637383506,PLATINUM
NA1_5638566485,PLATINUM
NA1_5635205914,IRON
NA1_5638422323,EMERALD
NA1_5639004066,GRANDMASTER
NA1_5638592948,IRON
NA1_5636467169,MASTER
NA1_5634806202,BRONZE
NA1_5639247012,GOLD
NA1_5638605660,EMERALD
NA1_5639149076,BRONZE
NA1_5639028119,GOLD
NA1_5638778960,DIAMOND
NA1_5633608244,SILVER
NA1_5636733294,DIAMOND
NA1_5638085523,CHALLENGER
NA1_5635006973,SILVER
NA1_5639127497,SILVER
NA1_5637988986,MASTER
NA1_5629708600,GRANDMASTER
NA1_5637609296,GRANDMASTER
NA1_5637148198,CHALLENGER
NA1_5637452338,MASTER
NA1_5638401527,MASTER
NA1_5636120032,CHALLENGER
NA1_5638460744,GOLD
NA1_5634865290,MASTER
NA1_5636839605,GRANDMASTER
NA1_5630045444,CHALLENGER
NA1_5637659494,SILVER
NA1_5634082133,SILVER
NA1_5636808504,EMERALD
NA1_5635218647,DIAMOND
NA1_5630071874,PLATINUM
NA1_5638943003,GRANDMASTER
NA1_5637121685,GRANDMASTER
NA1_5638810942,EMERALD
NA1_5638484111,CHALLENGER
NA1_5638966844,EMERALD
NA1_5637752229,SILVER
NA1_5638039734,GRANDMASTER
NA1_5633742959,BRONZE
NA1_5633867295,EMERALD
NA1_5637319567,GOLD
NA1_5639135918,MASTER
NA1_5637366638,MASTER
NA1_5636670941,IRON
NA1_5639132331,DIAMOND
NA1_5631005118,EMERALD
NA1_5639141253,PLATINUM
NA1_5630014315,GOLD
NA1_5636300223,EMERALD
NA1_5639207595,GRANDMASTER
NA1_5638797378,DIAMOND
NA1_5635129249,EMERALD
NA1_5638995755,MASTER
NA1_5638255403,BRONZE
NA1_5635739861,MASTER
NA1_5638635453,EMERALD
NA1_5636847672,PLATINUM
NA1_5634701541,MASTER
NA1_5639168466,DIAMOND
NA1_5638106509,DIAMOND
NA1_5637957925,BRONZE
NA1_5633842137,GOLD
NA1_5633344686,DIAMOND
NA1_5636535214,IRON
NA1_5639117912,GOLD
NA1_5638875259,EMERALD
NA1_5638473708,EMERALD
NA1_5638282470,SILVER
NA1_5631849506,PLATINUM
NA1_5636389550,SILVER
NA1_5629916519,PLATINUM
NA1_5633481161,CHALLENGER
NA1_5628960698,PLATINUM
NA1_5638350293,GOLD
NA1_5630118411,DIAMOND
NA1_5635997029,DIAMOND
NA1_5637365002,GRANDMASTER
NA1_5632226476,DIAMOND
NA1_5637550227,BRONZE
NA1_5635264871,GOLD
NA1_5636386518,SILVER
NA1_5632386707,GOLD
NA1_5638425192,DIAMOND
NA1_5634718632,GOLD
NA1_5631207011,BRONZE
NA1_5638926470,BRONZE
NA1_5637195453,MASTER
NA1_5632725048,DIAMOND
NA1_5630743592,MASTER
NA1_5633632941,MASTER
NA1_5636179528,IRON
NA1_5638827033,SILVER
NA1_5635629340,DIAMOND
NA1_5639236093,MASTER
NA1_5638959126,IRON
NA1_5638913312,IRON
NA1_5635284535,SILVER
NA1_5638164950,GOLD
NA1_5637626887,PLATINUM
NA1_5631273523,SILVER
NA1_5636935575,EMERALD
NA1_5635615253,SILVER
NA1_5637467568,SILVER
NA1_5639107727,GOLD
NA1_5636270863,SILVER
NA1_5638427060,IRON
NA1_5639157965,MASTER
NA1_5638498280,IRON
NA1_5638536774,PLATINUM
NA1_5638443720,IRON
NA1_5638747215,MASTER
NA1_5631759138,GOLD
NA1_5639191896,GOLD
NA1_5638418260,IRON
NA1_5638493026,CHALLENGER
NA1_5637328273,GOLD
NA1_5638655618,DIAMOND
NA1_5639153703,PLATINUM
NA1_5638721949,IRON
NA1_5630385619,IRON
NA1_5633439725,GOLD
NA1_5639256377,MASTER
NA1_5638002457,GOLD
NA1_5636269452,CHALLENGER
NA1_5636739282,DIAMOND
NA1_5635972987,SILVER
NA1_5639117946,EMERALD
NA1_5630320655,IRON
NA1_5638580651,CHALLENGER
NA1_5637020419,SILVER
NA1_5636174962,PLATINUM
NA1_5638473786,EMERALD
NA1_5630966640,CHALLENGER
NA1_5635225639,EMERALD
NA1_5638086305,GOLD
NA1_5629999366,GOLD
NA1_5630659682,PLATINUM
NA1_5636915075,EMERALD
NA1_5637746029,BRONZE
NA1_5631468615,IRON
NA1_5638397402,GOLD
NA1_5639052721,BRONZE
NA1_5635637484,BRONZE
NA1_5638498294,MASTER
NA1_5636541685,DIAMOND
NA1_5639091394,GRANDMASTER
NA1_5636420413,PLATINUM
NA1_5636907004,IRON
NA1_5639196681,MASTER
NA1_5635467786,GOLD
NA1_5638150409,PLATINUM
NA1_5632049678,PLATINUM
NA1_5638730236,EMERALD
NA1_5637615952,GRANDMASTER
NA1_5636787123,EMERALD
NA1_5630217983,BRONZE
NA1_5639117827,BRONZE
NA1_5638079175,IRON
NA1_5635684077,IRON
NA1_5637641950,SILVER
NA1_5637715930,PLATINUM
NA1_5636347957,IRON
NA1_5636402947,CHALLENGER
NA1_5639107233,CHALLENGER
NA1_5637306247,CHALLENGER
NA1_5638936794,GRANDMASTER
NA1_5631382025,SILVER
NA1_5637053331,CHALLENGER
NA1_5638282345,GOLD
NA1_5634552218,BRONZE
